,Throne Ch.1,,,,,,,,,,,,,,
,Pursuer,,,,,,,,,,,,,,
,Turn 1,,,,,,,,,,,,,,
,1st Person,Dagger / Axe x2,,,,Pursuer #1,,,,,,,,,
,2nd Person,Dagger / Axe,,,,Pursuer #2,,,,,,,,,
,3rd Person,Dagger / Axe,,,,Pursuer #2,,,,,,,,,
,Turn 1,,,,,,,,,,,,,,
,Everyone,Dagger / Axe x3,,,,,,,,,,,,,
,,,,,,,,,,,,,,,
,Pursuer Leader,,,,,,,,,,,,,,
,Enemy,,Turn 1,,Turn 2,,,,,,,,,,
,Pursuer #1,,Darkest Night,,Axe x3,,,,,,,,,,
,Pursuer #2,,Axe,,Slice x3,,,,,,,,,,
,Pursuer Leader,,Pierce Through,,Darkest Night x3,,,,,,,,,,
,,,,,,,,,,,,,,,
,Overworld,,,,,,,,,,,,,,
,Steal the Brothel Girl's Clothes.,,,,,,,,,,,,,,
,Steal the Shadow Soulstone from the boy at the bottom left side of the screen.,,,,,,,,,,,,,,
,Go south to the next screen.,,,,,,,,,,,,,,
,"Steal the Ice Soulstone, Wind Soulstone and Light Soulstone from the old man south of the armourer.",,,,,,,,,,,,,,
,Go to the armourer.,,,,,,,,,,,,,,
,,,,,,,,,,,,,,,
,Armourer,,,,,,,,,,,,,,
,Buy,,,,,,,,,,,,,,
,Unerring Earring,,,,,,,,,,,,,,
,,,,,,,,,,,,,,,
,Overworld,,,,,,,,,,,,,,
,Heal to full before Pirro if you are under 210 HP.,,,,,,,,,,,,,,
,,,,,,,,,,,,,,,
,Pirro,,,,,,,,,,,,,,
,T1,Darkest Night,,,,,,,,,,,,,
,T2,Darkest Night,,,,,,,,,,,,,
,T3,Darkest Night x4,,,,,,,,,,,,,
,T4,Sword,,,,,,,,,,,,,
,T5,Sword,,,,,,,,,,,,,
,T6,Shadow Soulstone,,,,,,,,,,,,,
,,Before Pirro on T8,,Before Pirro on T8,,,,,,,,,,,
,T7,Light Soulstone,,Healing Grape,,,,,,,,,,,
,T8,Sword x4,,Light Soulstone,,,,,,,,,,,
,T9,Latent Power + Wind Soulstone,,Latent Power + Sword x4,,,,,,,,,,,
,,Ice Soulstone,,Wind Soulstone,,,,,,,,,,,
,T10,Sword,,Ice Soulstone,,,,,,,,,,,
,T11,,,Sword,,,,,,,,,,,
,,,,,,,,,,,,,,,
,Overworld,,,,,,,,,,,,,,
,Tag New Delsta Harbour: Anchorage.,,,,,,,,,,,,,,
,Tag Abandoned Village.,,,,,,,,,,,,,,
,Recruit Osvald.,,,,,,,,,,,,,,
,Go to Cape Cold.,,,,,,,,,,,,,,
,Mug the man on the left.,,,,,,,,,,,,,,
,,,,,,,,,,,,,,,
,Man,,,,,,,,,,,,,,
,T1,Icewind,,,,,,,,,,,,,
,T2,Fireball x3,,,,,,,,,,,,,
,T3,Staff (if needed),,,,,,,,,,,,,
,,,,,,,,,,,,,,,
,Overworld,,,,,,,,,,,,,,
,"Get the 2,000 leaves in the house behind the inn.",,,,,,,,,,,,,,
,Warp to Abandoned Village.,,,,,,,,,,,,,,
,Get the Herb of Serenity up the ladder near the Black Market.,,,,,,,,,,,,,,
,Reset the night market by toggling between day and night until you get clerics.,,,,,,,,,,,,,,
,,,,,,,,,,,,,,,
,Black Market,,,,,,,,,,,,,,
,Sell,,,,,,,,,,,,,,
,Old Locket,,,,,,,,,,,,,,
,Heavy Coin Pouch,,,,,,,,,,,,,,
,Gold Pocket Watch,,,,,,,,,,,,,,
,Herb of Serenity,,,,,,,,,,,,,,
,Buy,,,,,,,,,,,,,,
,2 Ice Soulstone,,,,,,,,,,,,,,
,1 Thunder Soulstone,,,,,,,,,,,,,,
,1 Ice Soulstone (M),,,,,,,,,,,,,,
,7 Light Soulstone (M),,,,,,,,,,,,,,
,,,,,,,,,,,,,,,
,Overworld,,,,,,,,,,,,,,
,Warp to New Delsta Harbour: Anchorage.,,,,,,,,,,,,,,
,Take the ship to Toto'haha Beasting Bay: Anchorage.,,,,,,,,,,,,,,
,Go to Western Tropu'hopu Traverse.,,,,,,,,,,,,,,
,Kill an encounter with a Light Soulstone (M).,,,,,,,,,,,,,,
,Optionally save (guarantees good second encounter if you die).,,,,,,,,,,,,,,
,Get the Hunter Licence.,,,,,,,,,,,,,,
,"Kill another encounter with a Light Soulstone (M). If Osvald does not have at least 130 JP, get the Light Soulstone (M) up the stairs to the right and kill another encounter with a Light Soulstone (M).",,,,,,,,,,,,,,
,,,,,,,,,,,,,,,
,Menu,,,,,,,,,,,,,,
,After killing the encounter,,,,,,,,,,,,,,
,Learn Skills,,,,,,,,,,,,,,
,Throne,HP Thief,,,,,,,,,,,,,
,,Armour Corrosive,,,,,,,,,,,,,
,Osvald,First 2 Scholar skills,,,,,,,,,,,,,
,Support Skills,,,,,,,,,,,,,,
,Osvald,Evasive Manoeuvres,,,,Slot 1,,,,,,,,,
,,,,,,,,,,,,,,,
,Overworld,,,,,,,,,,,,,,
,Go to Tropu'hopu.,,,,,,,,,,,,,,
,Warp to Beasting Bay: Anchorage.,,,,,,,,,,,,,,
,Go to the Cavern of Waves.,,,,,,,,,,,,,,
,Optionally save and quit to title to reset step count. Walk and get the JP Augmentor from the red chest.,,,,,,,,,,,,,,
,Warp to New Delsta Harbour: Anchorage.,,,,,,,,,,,,,,
,,,,,,,,,,,,,,,
,Menu,,,,,,,,,,,,,,
,After getting the JP Augmentor,,,,,,,,,,,,,,
,Inventory,,,,,,,,,,,,,,
,Order Obtained,JP Augmentor,,,Throne,Slot 2,,,,,,,,,
,,,,,,,,,,,,,,,
,Overworld,,,,,,,,,,,,,,
,Take the ship to Western Continent Crackridge Harbour: Anchorage.,,,,,,,,,,,,,,
,Go to Cropdale.,,,,,,,,,,,,,,
,Recruit Agnea.,,,,,,,,,,,,,,
,Get the Slumber Sage outside.,,,,,,,,,,,,,,
,Go to Oresrush.,,,,,,,,,,,,,,
,Start Throne Ch. 2: Mother's Route.,,,,,,,,,,,,,,
,Recruit Partitio.,,,,,,,,,,,,,,
,Go to Ryu.,,,,,,,,,,,,,,
,Go to the provisioner.,,,,,,,,,,,,,,
,,,,,,,,,,,,,,,
,Provisioner,,,,,,,,,,,,,,
,Buy,,,,,,,,,,,,,,
,Blusterbloom x11,,,,,,,,,,,,,,
,,,,,,,,,,,,,,,
,Recruit Hikari.,,,,,,,,,,,,,,
,,,,,,,,,,,,,,,
,Ruffian Soldiers,,,,,,,,,,,,,,
,Anyone,Ice Soulstone,,,,,,,,,,,,,
,Anyone,Attack,,,,,,,,,,,,,
,,,,,,,,,,,,,,,
,Overworld,,,,,,,,,,,,,,
,Do not add Hikari to the party.,,,,,,,,,,,,,,
,Go to Northern Conning Creek Coast.,,,,,,,,,,,,,,
,Kill the encounter at night with a Light Soulstone (M).,,,,,,,,,,,,,,
,Go to Western Conning Creek Coast.,,,,,,,,,,,,,,
,Kill the encounter at night with a Light Soulstone (M).,,,,,,,,,,,,,,
,Go to Conning Creek.,,,,,,,,,,,,,,
,Start Osvald Ch. 3.,,,,,,,,,,,,,,
,Go north to the next screen.,,,,,,,,,,,,,,
,Steal the Wind Soulstone (L) from the woman outside the house.,,,,,,,,,,,,,,
,Get the Rainbow Glass Bottle on the shore.,,,,,,,,,,,,,,
,Warp to Beasting Bay: Anchorage.,,,,,,,,,,,,,,
,Take the ship to Western Continent Canalbrine.,,,,,,,,,,,,,,
,"Recruit Castti, but do not add her to the party.",,,,,,,,,,,,,,
,Go to the armourer.,,,,,,,,,,,,,,
,,,,,,,,,,,,,,,
,Armourer,,,,,,,,,,,,,,
,Buy,,,,,,,,,,,,,,
,Critical Earring,,,,,,,,,,,,,,
,,,,,,,,,,,,,,,
,Overworld,,,,,,,,,,,,,,
,Warp to New Delsta.,,,,,,,,,,,,,,
,Do not start Agnea Ch. 2.,,,,,,,,,,,,,,
,Entreat the Fire Soulstone (M) from the man on the right near the entrance.,,,,,,,,,,,,,,
,Go to the brigand.,,,,,,,,,,,,,,
,,,,,,,,,,,,,,,
,Brigand,,,,,,,,,,,,,,
,Throne,HP Thief x2,,,,,,,,,,,,,
,,,,,,,,,,,,,,,
,Talk to Arkar to get the Proof of the Inventor.,,,,,,,,,,,,,,
,Craft Elemental Bomb Bottle and Critical Scope.,,,,,,,,,,,,,,
,Sail to Clockbank.,,,,,,,,,,,,,,
,,,,,,,,,,,,,,,
,Partitio Ch. 2,,,,,,,,,,,,,,
,Overworld,,,,,,,,,,,,,,
,"After delivering the Clockite, get the Thief Licence.",,,,,,,,,,,,,,
,Entreat the Dazzling Artwork and Gold Pocket Watch from the boy.,,,,,,,,,,,,,,
,Warp to Oresrush.,,,,,,,,,,,,,,
,"After the cutscene at the saddlery, hire the Peddler near the east exit.",,,,,,,,,,,,,,
,Go to the armourer.,,,,,,,,,,,,,,
,,,,,,,,,,,,,,,
,Armourer,,,,,,,,,,,,,,
,Sell,,,,,,,,,,,,,,
,Dazzling Artwork,,,,,,,,,,,,,,
,Gold Pocket Watch,,,,,,,,,,,,,,
,,,,,,,,,,,,,,,
,Overworld,,,,,,,,,,,,,,
,Purchase the Sturdy Pickaxe and Forget-Me-Do from the man in the armourer.,,,,,,,,,,,,,,
,"After stealing the coin, speak to the tavern keeper.",,,,,,,,,,,,,,
,,,,,,,,,,,,,,,
,Tavern,,,,,,,,,,,,,Agnea,Throne
,Change Party,,,,,,,,,,,,,Castti,Osvald
,Idle Party Members,,,,Current Party,,,,,,,,,,Hikari
,Slot 1,Hikari,>,,Slot 3,Agnea,,,,,,,,,Partitio
,,,,,,,,,,,,,,,
,Overworld,,,,,,,,,,,,,,
,Warp to Crackridge Harbour: Anchorage.,,,,,,,,,,,,,,
,,,,,,,,,,,,,,,
,Menu,,,,,,,,,,,,,,
,After warping to Crackridge Harbour,,,,,,,,,,,,,,
,Support Skills,,,,,,,,,,,,,,
,Throne,Equip,A Step Ahead,,,Slot 1,,,,,,,,,
,Osvald,Equip,A Step Ahead,,,Slot 2,,,,,,,,,
,Hikari,Equip,A Step Ahead,,,Slot 2,,,,,,,,,
,Partitio,Equip,A Step Ahead,,,Slot 2,,,,,,,,,
,,,,,,,,,,,,,,,
,Overworld,,,,,,,,,,,,,,
,Go to Southern Crackridge Wilds.,,,,,,,,,,,,,,
,Break the Armour Eater with Sword/Axe/Staff and kill the encounter with a Light Soulstone (M).,,,,,,,,,,,,,,
,Go to Western Crackridge Wilds.,,,,,,,,,,,,,,
,Break the Armour Eater with Sword/Axe/Staff and kill the encounter with a Light Soulstone (M).,,,,,,,,,,,,,,
,Get the Merchant Licence.,,,,,,,,,,,,,,
,Get the Thunder Soulstone (M) beside the nearby merchant.,,,,,,,,,,,,,,
,Challenge the Merchant and flee.,,,,,,,,,,,,,,
,"Run until the stairs outside Crackridge, then walk into Crackridge.",,,,,,,,,,,,,,
,Warp to Clockbank.,,,,,,,,,,,,,,
,Purchase the Wind Soulstone (M) and Fire Soulstone (M) from the old lady.,,,,,,,,,,,,,,
,Hire the Clockmaker in the tavern.,,,,,,,,,,,,,,
,Switch to day before going back to the factory.,,,,,,,,,,,,,,
,,,,,,,,,,,,,,,
,Guards,,,,,,,,,,,,,,
,Anyone,Thunder Soulstone (M),,,,,,,,,,,,,
,,,,,,,,,,,,,,,
,Overworld,,,,,,,,,,,,,,
,Get the 7 000 leaves from the red chest outside.,,,,,,,,,,,,,,
,Kill the encounter with a Fire Soulstone (M).,,,,,,,,,,,,,,
,,,,,,,,,,,,,,,
,Menu,,,,,,,,,,,,,,
,Before Garnet,,,,,,,,,,,,,,
,Jobs,,,,,,,,,,,,,,
,Osvald,Merchant,First 3 Merchant skills,,,,^ 1,,,,,,,,
,,Inventor,,,,,^ 1,,,,,,,,
,Partitio,Merchant,First 2 Merchant skills,,,,,,,,,,,,
,,,Hired Help,,,,,,,,,,,,
,Throne,Merchant,First 2 Merchant skills,,,,^ 1,,,,,,,,
,,,Hired Help,,,,,,,,,,,,
,Support Skills,,,,,,,,,,,,,,
,Throne,Equip,Grows on Trees,,,Slot 2,,,,,,,,,
,,,Boost-Start,,,Slot 3,,,,,,,,,
,Osvald,Equip,Grows on Trees,,,Slot 4,,,,,,,,,
,,,Boost-Start,,,Slot 3,,,,,,,,,
,Partitio,Equip,Boost-Start,,,Slot 3,,,,,,,,,
,,,,,,,,,,,,,,,
,Overworld,,,,,,,,,,,,,,
,Fight Garnet in the day.,,,,,,,,,,,,,,
,,,,,,,,,,,,,,,
,Garnet,,,,,,,,,,,,,,
,Turn 1,,,,,,,,,,,,,,
,Throne,Armour Corrosive,,,,,,,,,,,,,
,Osvald,Defend,,,,,,,,,,,,,
,Hikari,Defend,,,,,,,,,,,,,
,Partitio,Spear,,,,,,,,,,,,,
,Turn 2,,,,,,,,,,,,,,
,Osvald,Axe x4,,,,,<,,,,,,,,
,Hikari,Spear x3,,,,,,,,,,,,,
,1st Merchant,Collect x4,,,,,,,,,,,,,
,2nd Merchant,HHG x4,,,,,,,,,,,,,
,,,,,,,,,,,,,,,
,Menu,,,,,,,,,,,,,,
,After Garnet,,,,,,,,,,,,,,
,Jobs,,,,,,,,,,,,,,
,Osvald,Thief,,,,,^ 2,,,,,,,,
,Hikari,Merchant,2 Merchant skills,,,,v 1,,,,,,,,
,,,Hired Help,,,,,,,,,,,,
,Partitio,Inventor,,,,,^ 1,,,,,,,,
,Throne,Merchant,,,,,^ 1,,,,,,,,
,Support Skills,,,,,,,,,,,,,,
,Hikari,Equip,Grows on Trees,,,Slot 1,,,,,,,,,
,,,Boost-Start,,,Slot 3,,,,,,,,,
,,,,,,,,,,,,,,,
,Overworld,,,,,,,,,,,,,,
,Tag Flamechurch.,,,,,,,,,,,,,,
,Go to Borderfall.,,,,,,,,,,,,,,
,Get the Cleric Licence.,,,,,,,,,,,,,,
,Get the Thunder Soulstone (M) before the next screen.,,,,,,,,,,,,,,
,Go to Montwise.,,,,,,,,,,,,,,
,,,,,,,,,,,,,,,
,Hikari Ch. 2,,,,,,,,,,,,,,
,Overworld,,,,,,,,,,,,,,
,Rest at the inn if Throne does not have Latent Power.,,,,,,,,,,,,,,
,Purchase the Wind Soulstone (M) from the man on the bench.,,,,,,,,,,,,,,
,Go to Montwise: Underground Arena.,,,,,,,,,,,,,,
,,,,,,,,,,,,,,,
,Gladiator,,,,,,,,,,,,,,
,T1,Spear x3,,,,,,,,,,,,,
,T2,Light Soulstone (M),,,,,,,,,,,,,
,,,,,,,,,,,,,,,
,Overworld,,,,,,,,,,,,,,
,Go to Montwise: Underground Arena.,,,,,,,,,,,,,,
,,,,,,,,,,,,,,,
,Gladiators,,,,,,,,,,,,,,
,T1,Ice Soulstone (M),,,,,,,,,,,,,
,,,,,,,,,,,,,,,
,Zeto the Butcher,,,,,,,,,,,,,,
,T1,Sword x3,,,,,,,,,,,,,
,T2,Thunder Soulstone (M),,,,,,,,,,,,,
,T3,Fire Soulstone (M),,,,,,,,,,,,,
,Notes,,,,,,,,,,,,,,
,Learn Slowing Sweep after the fight.,,,,,,,,,,,,,,
,,,,,,,,,,,,,,,
,Overworld,,,,,,,,,,,,,,
,Go to Montwise: Underground Arena.,,,,,,,,,,,,,,
,,,,,,,,,,,,,,,
,Bandelam the Reaper,,,,,,,,,,,,,,
,T1,Slowing Sweep/Spear (if first on turn 2),,,,,,,,,,,,,
,T2,Spear x4,,,,,,,,,,,,,
,T3,Wind Soulstone (L),,,,,,,,,,,,,
,,,,,,,,,,,,,,,
,Bandelam the Reaper,,,,,,,,,,,,,,
,Turn 1,,,,,,,,,,,,,,
,Throne,Armour Corrosive,,,,,,,,,,,,,
,Osvald,Dagger x3,,,,,<,,,,,,,,
,Hikari,Spear x3,,,,,,,,,,,,,
,Partitio,Defend,,,,,,,,,,,,,
,Turn 2,,,,,,,,,,,,,,
,Partitio,HHG x4,,,,,,,,,,,,,
,,,,,,,,,,,,,,,
,Overworld,,,,,,,,,,,,,,
,Go to Montwise: Underground Arena.,,,,,,,,,,,,,,
,Ambush the Fainthearted Youth.,,,,,,,,,,,,,,
,,,,,,,,,,,,,,,
,Yurinas,,,,,,,,,,,,,,
,Requires Latent Power on Throne,,,,,,,,,,,,,,
,Throne after Yurinas on T2,,,,,,Throne before Yurinas on T2,,,,,,,,
,T1,Defend,,,,,T1,Armour Corrosive,,,,,,,
,T2,Latent Power + Armour Corrosive,,,,,T2,HHV x4,,,,,,,
,,HHV x4,,,,,,,,,,,,,
,,,,,,,,,,,,,,,
,Overworld,,,,,,,,,,,,,,
,Warp to Flamechurch.,,,,,,,,,,,,,,
,,,,,,,,,,,,,,,
,Menu,,,,,,,,,,,,,,
,Before recruiting Temenos,,,,,,,,,,,,,,
,Inventory,,,,,,,,,,,,,,
,Order Obtained,Reinforcing Jam (if no latent),,,Throne,,,,,,,,,,
,,Champion's Belt,,,,Slot 1,,,,,,,,,
,,,,,,,,,,,,,,,
,Overworld,,,,,,,,,,,,,,
,Recruit Temenos at night.,,,,,,,,,,,,,,
,,,,,,,,,,,,,,,
,Insurgent,,,,,,,,,,,,,,
,Throne,Dagger x3,,,,,,,,,,,,,
,,,,,,,,,,,,,,,
,Recruit Temenos,,,,,,,,,,,,,Agnea,Throne
,Change Party,,,,,,,,,,,,,Castti,Osvald
,Idle Party Members,,,,Current Party,,,,,,,,,Hikari,Temenos
,Slot 3,Temenos,>,,Slot 3,Hikari,,,,,,,,,Partitio
,,,,,,,,,,,,,,,
,Overworld,,,,,,,,,,,,,,
,Purchase the Herb of Serenity from the woman to the north.,,,,,,,,,,,,,,
,Warp to Conning Creek.,,,,,,,,,,,,,,
,Go to Conning Creek: Outskirts.,,,,,,,,,,,,,,
,"After the cutscene, get the Fire Soulstone (M) from the nearby chest.",,,,,,,,,,,,,,
,Fight Lady Clarissa at night.,,,,,,,,,,,,,,
,,,,,,,,,,,,,,,
,Lady Clarissa,,,,,,,,,,,,,,
,Merchant,HHG x4,,,,,,,,,,,,,
,,,,,,,,,,,,,,,
,Overworld,,,,,,,,,,,,,,
,Warp to Oresrush.,,,,,,,,,,,,,,
,,,,,,,,,,,,,,,
,Throne Ch. 2: Mother's Route,,,,,,,,,,,,,,
,Overworld,,,,,,,,,,,,,,
,"After finishing the chapter, warp to Conning Creek.",,,,,,,,,,,,,,
,,,,,,,,,,,,,,,
,Osvald Ch. 3,,,,,,,,,,,,,,
,Guard Outpost,,,,,,,,,,,,,,
,Fight the encounter during the day.,,,,,,,,,,,,,,
,,,,,,,,,,,,,,,
,Guards,,,,,,,,,,,,,,
,Turn 1,,,,,,,,,,,,,,
,Partitio,Defend,,,,,,,,,,,,,
,Anyone,Wind Soulstone (M),,,,,,,,,,,,,
,Turn 2+,,,,,,,,,,,,,,
,Partitio,HHM x2,,,,,,,,,,,,,
,Throne,Latent Power + Steal,,,,Any,,,,,,,,,
,,Steal,,,,Different,,,,,,,,,
,Osvald,Steal,,,,Different,,,,,,,,,
,Anyone,Run,,,,,,,,,,,,,
,,,,,,,,,,,,,,,
,Fight Stenvar at night.,,,,,,,,,,,,,,
,,,,,,,,,,,,,,,
,Stenvar,,,,,,,,,,,,,,
,Turn 1,,,,,,,,,,,,,,
,Merchants,Defend,,,,,,,,,,,,,
,Turn 2,,,,,,,,,,,,,,
,1st Merchant,Collect x4,,,,Stenvar,,,,,,,,,
,2nd Merchant,HHB x4,,,,,,,,,,,,,
,,,,,,,,,,,,,,,
,Overworld,,,,,,,,,,,,,,
,Warp to Montwise.,,,,,,,,,,,,,,
,,,,,,,,,,,,,,,
,Osvald Ch. 4,,,,,,,,,,,,,,
,Overworld,,,,,,,,,,,,,,
,"Purchase the Herb of Serenity from the NPC up the stairs in the library. If you got zero medicinal concoct ingredients as drops, purchase the Grape Leaf from him too.",,,,,,,,,,,,,,
,Infinite tries when scrutinising in the library.,,,,,,,,,,,,,,
,,,,,,,,,,,,,,,
,Underground Laboratory,,,,,,,,,,,,,,
,"If you missed the collect on Stenvar, walk and grab the 14 000 leaves in the chest to the right.",,,,,,,,,,,,,,
,Hear the travel banter at the third door in the long corridor (at first door if you grabbed the chest).,,,,,,,,,,,,,,
,Switch to night before entering the room after the save point.,,,,,,,,,,,,,,
,,,,,,,,,,,,,,,
,Harvey's Creatures,,,,,,,,,,,,,,
,Partitio,HHG x3,,,,,,,,,,,,,
,Notes,,,,,,,,,,,,,,
,"If Partitio has Latent Power, you can kill with Throne.",,,,,,,,,,,,,,
,,,,,,,,,,,,,,,
,Menu,,,,,,,,,,,,,,
,After the fight,,,,,,,,,,,,,,
,Support Skills,,,,,,,,,,,,,,
,Temenos,Equip,A Step Ahead,,,Slot 1,,,,,,,,,
,,,,,,,,,,,,,,,
,Fight Grieving Golem at night.,,,,,,,,,,,,,,
,,,,,,,,,,,,,,,
,Grieving Golem,,,,,,,,,,,,,,
,Turn 1,,,,,,,,,,,,,,
,Throne,Spear,,,,,,,,,,,,,
,Osvald,Staff x3,,,,,,,,,,,,,
,Temenos,Defend,,,,,,,,,,,,,
,Partitio,Critical Scope,,,,,,,,,,,,,
,Turn 2,,,,,,,,,,,,,,
,Merchant 1,HHB x4,,,,,,,,,,,,,
,Merchant 2,HHG x4,,,,,,,,,,,,,
,Osvald,Wind Soulstone (M),,,,,,,,,,,,,
,Temenos,Staff x3,,,,,,,,,,,,,
,,,,,,,,,,,,,,,
,Menu,,,,,,,,,,,,,,
,Before leaving town,,,,,,,,,,,,,,
,Jobs,,,,,,,,,,,,,,
,Partitio,Cleric,4 Cleric skills,,,,v 1,,,,,,,,
,Support Skills,,,,,,,,,,,,,,
,Partitio,Equip,Evil Ward,,,Slot 4,,,,,,,,,
,,,,,,,,,,,,,,,
,Overworld,,,,,,,,,,,,,,
,Go to Western Merry Hills Pass.,,,,,,,,,,,,,,
,Get the Herb of Serenity outside Merry Hills.,,,,,,,,,,,,,,
,Enter Merry Hills.,,,,,,,,,,,,,,
,Warp to Beasting Bay: Anchorage.,,,,,,,,,,,,,,
,Go to Beasting Village.,,,,,,,,,,,,,,
,Recruit Ochette.,,,,,,,,,,,,,Agnea,Throne
,Pick Mahina.,,,,,,,,,,,,,Castti,Osvald
,,,,,,,,,,,,,,Hikari,Ochette
,Recruit Ochette,,,,,,,,,,,,,Temenos,Partitio
,Change Party,,,,,,,,,,,,,,
,Idle Party Members,,,,Current Party,,,,,,,,,,
,Slot 4,Ochette,>,,Slot 3,Temenos,,,,,,,,,
,,,,,,,,,,,,,,,
,Steal Dispatches from Beastling Island from the NPC to the left.,,,,,,,,,,,,,,
,Warp to Conning Creek.,,,,,,,,,,,,,,
,Do not start Ochette ch. 2: Cateracta's Route.,,,,,,,,,,,,,,
,,,,,,,,,,,,,,,
,Menu,,,,,,,,,,,,,,
,Before leaving Conning Creek,,,,,,,,,,,,,,
,Support Skills,,,,,,,,,,,,,,
,Ochette,Equip,A Step Ahead,,,Slot 1,,,,,,,,,
,,,,,,,,,,,,,,,
,Tag Sai.,,,,,,,,,,,,,,
,Go to Eastern Wellgrove Trail.,,,,,,,,,,,,,,
,Fight the encounter during the day.,,,,,,,,,,,,,,
,,,,,,,,,,,,,,,
,Woodland Birdian IV,,,,,,,,,,,,,,
,Turn 1,,,,,,,,,,,,,,
,Throne,HP Thief x2,,,,Woodland Birdian IV,,"min roll w/o crits is 602 damage, max roll with crits is 784 damage",,,,,,,
,Anyone,Fire Soulstone / Fireball x2 (if already broken),,,,,,either way it drops below 25% HP when combined with a soulstone or fireball (and never dies),,,,,,,
,Ochette,Defend / Capture ,,,,Woodland Birdian IV,,,,,,,,,
,Turn 2,,,,,,,,,,,,,,
,Ochette,Capture (if not done already),,,,,,,,,,,,,
,Anyone,Flee,,,,,,,,,,,,,
,Notes,,,,,,,,,,,,,,
,"Need soulstone OR fireball, don't use both. If it's already in red HP, don't need fireball at all.",,,,,,,,,,,,,,
,,,,,,,,,,,,,,,
,Go to Wellgrove.,,,,,,,,,,,,,,
,Start Partitio Ch. 3.,,,,,,,,,,,,,,
,Warp to Cape Cold.,,,,,,,,,,,,,,
,Go to Western Winterbloom Snows.,,,,,,,,,,,,,,
,"Use a Fire Soulstone (M) on the first encounter, then capture the Snow Yak.",,,,,,,,,,,,,,
,Get the Scholar Licence.,,,,,,,,,,,,,,
,Go to Winterbloom.,,,,,,,,,,,,,,
,,,,,,,,,,,,,,,
,Menu,,,,,,,,,,,,,,
,Before entering Winterbloom,,,,,,,,,,,,,,Throne
,Jobs,,,,,,,,,,,,,,Osvald
,Partitio,Scholar,2 Scholar skills,,,,,,,,,,,v 2,Ochette
,,Thief,Armour Corrosive,,,,,,,,,,,v 1,Partitio
,Support Skills,,,,,,,,,,,,,,
,Partitio,Equip,Evasive Manoeuvres,,,Slot 1,,,,,,,,,Throne
,Osvald,Unequip,A Step Ahead,,,Slot 2,,,,,,,,,
,,,,,,,,,,,,,,Ochette,Agnea
,Throne Ch. 2: Father's Route,,,,,,,,,,,,,Hikari,Castti
,Overworld,,,,,,,,,,,,,Temenos,Partitio
,"If Osvald is below 765 HP, heal him with Partitio (or a grape).",,,,,,,,,,,,,,
,Go to the tavern.,,,,,,,,,,,,,,
,,,,,,,,,,,,,,,
,Tavern,,,,,,,,,,,,,,
,Change Party,,,,,,,,,,,,,,
,Idle Party Members,,,,Current Party,,,,,,,,,,
,Slot 1,Agnea,>,,Slot 2,Osvald,,,,,,,,,
,Slot 2,Castti,<,,Slot 3,Ochette,,,,,,,,,
,,,,,,,,,,,,,,,
,Overworld,,,,,,,,,,,,,,
,"Talk to the Troubled Woman to complete ""The Sword in the Stone"".",,,,,,,,,,,,,,
,Fight Bergomi during the day.,,,,,,,,,,,,,,
,,,,,,,,,,,,,,,
,Bergomi,,,,,,,,,,,,,,
,Turn 1,,,,,,,,,,,,,,
,1st Merchant,Armour Corrosive,,,,Bergomi,,,,,,,,,
,2nd Merchant,HHB x3,,,,,,,,,,,,,
,,,,,,,,,,,,,,,
,Overworld,,,,,,,,,,,,,,
,Warp to Wellgrove.,,,,,,,,,,,,,,
,Go to Northern Wellgrove Trail.,,,,,,,,,,,,,,
,Go to the Altar of the Lady of Grace.,,,,,,,,,,,,,,
,Learn Windy Refrain.,,,,,,,,,,,,,,
,Go to Timberain.,,,,,,,,,,,,,,
,Steal the Wind Soulstone (L) and Light Soulstone (L) from the lady near the entrance.,,,,,,,,,,,,,,
,Go to the next screen.,,,,,,,,,,,,,,
,Purchase the Ancient Circlet from the quest NPC.,,,,,,,,,,,,,,
,Soothe the Elderly Soldier.,,,,,,,,,,,,,,
,Get the Rusty Polearm at the end.,,,,,,,,,,,,,,
,Warp to Crackridge.,,,,,,,,,,,,,,
,Go to Western Gravell Wilds.,,,,,,,,,,,,,,
,Grab the Thunder Soulstone (L) from the brown chest before the stairs to the first bridge.,,,,,,,,,,,,,,
,Go to Gravell.,,,,,,,,,,,,,,
,Soothe the Debt Collector.,,,,,,,,,,,,,,
,"Talk to the Retired Blacksmith to get Proof of the Armsmaster, Conqueror's Sword and Warlord's Spear.",,,,,,,,,,,,,,
,Go to the provisioner.,,,,,,,,,,,,,,
,,,,,,,,,,,,,,,
,Provisioner,,,,,,,,,,,,,,
,Sell,,,,,,,,,,,,,,
,Warlord's Spear,,,,,,,,,,,,,,
,,,,,,,,,,,,,,,
,Purchase the Herb of Serenity from the lady in the provisioner.,,,,,,,,,,,,,,
,Warp to Tropu'hopu.,,,,,,,,,,,,,,
,Entreat the Marksman's Bow and Light Nut (L) from the beastling.,,,,,,,,,,,,,,
,Purchase the boat.,,,,,,,,,,,,,,
,Tag Roque Island.,,,,,,,,,,,,,,
,Soothe the man guarding the house.,,,,,,,,,,,,,,
,"Get the Empowering Lychee (L), 39,800 leaves, 3 Rejuvenating Jams and Magic Nut (L) inside.",,,,,,skip lychee (rightmost chest) if Agnea has more than half latent,,,,,,,,
,Warp to Wellgrove.,,,,,,,,,,,,,,
,,,,,,,,,,,,,,,
,Partitio Ch. 3,,,,,,,,,,,,,Osvald,Throne
,Overworld,,,,,,,,,,,,,Ochette,Agnea
,"After telling Alrond about the ship, speak to the tavern keeper.",,,,,,,,,,,,,Hikari,Castti
,,,,,,,,,,,,,,Temenos,Partitio
,Tavern,,,,,,,,,,,,,,
,Change Party,,,,,,,,,,,,,Osvald,Throne
,Idle Party Members,,,,Current Party,,,,,,,,,Ochette,Hikari
,Slot 3,Hikari,>,,Slot 2,Agnea,,,,,,,,Agnea,Castti
,,,,,,,,,,,,,,Temenos,Partitio
,"After the cutscene at the department store, warp to Crackridge Harbour: Anchorage.",,,,,,,,,,,,,,
,Go to Shipwreck of the Empress.,,,,,,,,,,,,,,
,Get the Rusty Dagger at the end.,,,,,,,,,,,,,,
,Warp to New Delsta Harbour: Anchorage.,,,,,,,,,,,,,,
,Get the EXP Augmentor.,,,,,,,,,,,,,,
,Warp to Wellgrove.,,,,,,,,,,,,,,
,,,,,,,,,,,,,,,
,Menu,,,,,,,,,,,,,,
,Before Thurston,,,,,,,,,,,,,,
,Inventory,,,,,,,,,,,,,,
,Weapons,Conqueror's Sword,,,Hikari,,,,,,,,,,
,Accessories,EXP Augmentor,,,Castti,Slot 1,,,,,,,,,
,,Unequip Champion's Belt,,,Throne,,,,,,,,,,
,,Champion's Belt,,,Hikari,Slot 1,,,,,,,,,
,Jobs,,,,,,,,,,,,,,
,Throne,Inventor,,,,,^ 2,,,,,,,,
,Hikari,Merchant,,,,,v 2,,,,,,,,
,,,,,,,,,,,,,,,
,Overworld,,,,,,,,,,,,,,
,Fight Thurston during the day.,,,,,,,,,,,,,,
,,,,,,,,,,,,,,,
,Thurston,,,,,,,,,,,,,,
,Turn 1,,,,,,,,,,,,,,
,Throne,Defend,,,,,,,,,,,,,
,1st Merchant,Defend (if before Throne) / Attack,,,,,,,,,,,,,
,2nd Merchant,HHB x3,,,,,,,,,,,,,
,Turn 2,,,,,,,,,,,,,,
,Throne,Sword x4,,,,,,,,,,,,,
,Merchant,HHV x4,,,,,,,,,,,,,
,,,,,,,,,,,,,,,
,Wellgrove,,,,,,,,,,,,,,
,Warp to Gravell.,,,,,,,,,,,,,,
,Talk to Porta to get the Dancer's Blade.,,,,,,,,,,,,,,
,Warp to Wellgrove.,,,,,,,,,,,,,,
,,,,,,,,,,,,,,,
,Hikari Ch. 3,,,,,,,,,,,,,,
,Overworld,,,,,,,,,,,,,,
,Go to the armourer.,,,,,,,,,,,,,,
,,,,,,,,,,,,,,,
,Provisioner,,,,,,,,,,,,,,
,Sell,,,,,,,,,,,,,,
,Dancer's Blade,,,,,,,,,,,,,,
,Axe of Avarice,,,,,,,,,,,,,,
,Marksman's Bow,,,,,,,,,,,,,,
,,,,,,,,,,,,,,,
,Steal 2 Energising Pomegranate (M) from the lady by the provisioner.,,,,,,,,,,,,,,
,Purchase the Sharp Nut (L) from the man in the inn.,,,,,,,,,,,,,,
,Hear the travel banter before crossing the bridge.,,,,,,,,,,,,,,
,Fight the Ku Soldiers in the day.,,,,,,,,,,,,,,
,,,,,,,,,,,,,,,
,Ku Soldiers,,,,,,,,,,,,,,
,Anyone,Light Soulstone (L),,,,,,,,,,,,,
,,,,,,,,,,,,,,,
,General Rou,,,,,,,,,,,,,,
,T1,Defend,,,,,,,,,,,,,
,T2,HHB x4,,,,,,,,,,,,,
,T3,Hienka,,,,,,,,,,,,,
,Notes,,,,,,,,,,,,,,
,Learn Divine Dual-Edge.,,,,,,,,,,,,,,
,,,,,,,,,,,,,,,
,Overworld,,,,,,,,,,,,,,
,Warp to Sai.,,,,,,,,,,,,,,
,,,,,,,,,,,,,,,
,Castti Ch.2: Sai Route,,,,,,,,,,,,,,
,Overworld,,,,,,,,,,,,,,
,Fight the Sand Lion during the day.,,,,,,,,,,,,,,
,,,,,,,,,,,,,,,
,Sand Lion,,,,,,,,,,,,,,
,Turn 1,,,,,,,,,,,,,,
,Thief,Armour Corrosive,,,,,,,,,,,,,
,Merchant,HHV x3,,,,,,,,,,,,,
,,,,,,,,,,,,,,,
,Overworld,,,,,,,,,,,,,,
,Get the Warrior Licence.,,,,,,,,,,,,,,
,Warp to Merry Hills.,,,,,,,,,,,,,,
,,,,,,,,,,,,,,,
,Menu,,,,,,,,,,,,,,
,Before the Foreign Assassins,,,,,,,,,,,,,,
,Learn Skills,,,,,,,,,,,,,,
,Throne,Thief,3 Thief skills,,,,,,,,,,,,
,Support Skills,,,,,,,,,,,,,,
,Throne,Equip,Life in the Shadows,,,Slot 4,,,,,,,,,
,Hikari,Equip,Peak Performance,,,Slot 4,,,,,,,,,
,,,,,,,,,,,,,,,
,Fight the Foreign Assassins at night.,,,,,,,,,,,,,,
,,,,,,,,,,,,,,,
,Foreign Assassins,,,,,,,,,,,,,,
,Turn 1,,,,,,,,,,,,,,
,Throne,Critical Scope,,,,Back,,,,,,,,,
,Hikari,Defend,,,,,,,,,,,,,
,Partitio,HHM,,,,,,,,,,,,,
,Turn 2,,,,,,,,,,,,,,
,Hikari,HHB x4,,,,,,,,,,,,,
,Partitio,HHV x4,,,,,,,,,,,,,
,,,,,,,,,,,,,,,
,Overworld,,,,,,,,,,,,,,
,Warp to Gravell.,,,,,,,,,,,,,,
,Go to Ivory Ravine.,,,,,,,,,,,,,,
,Get the Giant's Club.,,,,,,,,,,,,,,
,Warp to Montwise.,,,,,,,,,,,,,,
,Start Throne Ch. 3: Father's Route.,,,,,,,,,,,,,,
,Reset reputation if needed.,,,,,,,,,,,,,^ 4,
,Leave town to the west.,,,,,,,,,,,,,,
,Go to Southern Stormhail Snows.,,,,,,,,,,,,,^ 4,
,Purchase The Curious Legend of the Great Wall.,,,,,,,,,,,,,^ 2,
,"Steal the Mighty Leaf, Energising Pomegranate (M), and Energising Pomegranate (L) from the woman near the ladder.",,,,,,,,,,,,,^,
,Go to Stormhail.,,,,,,,,,,,,,^ 3,
,,,,,,,,,,,,,,,
,Hikari Ch. 4,,,,,,,,,,,,,,
,Overworld,,,,,,,,,,,,,,
,Go to the tavern.,,,,,,,,,,,,,,
,,,,,,,,,,,,,,,
,Tavern,,,,,,,,,,,,,,
,Change Party,,,,,,,,,,,,,,
,Idle Party Members,,,,Current Party,,,,,,,,,,
,Slot 4,Temenos,>,,Slot 4,Partitio,,,,,,,,,
,,,,,,,,,,,,,,,
,Menu,,,,,,,,,,,,,,
,Before Kunzo,,,,,,,,,,,,,,
,Jobs,,,,,,,,,,,,,,
,Throne,Cleric,4 Cleric skills,,,,v 2,,,,,,,,
,Temenos,Merchant,3 Merchant skills,,,,v 1,,,,,,,,
,,Inventor,,,,,^ 3,,,,,,,,
,Castti,Scholar,4 Scholar skills,,,,^ 2,,,,,,,,
,,Merchant,3 Merchant skills,,,,^ 1,,,,,,,,
,,Hunter,Abating Orb,,,,v 4,,,,,,,,
,Hikari,Armsmaster,,,,,^ 2,,,,,,,,
,Throne,Merchant,,,,,v 1,,,,,,,,
,Support Skills,,,,,,,,,,,,,,
,Throne,Equip,Evil Ward over Grows on Trees,,,Slot 2,,,,,,,,,
,Castti,Equip,Evasive Manoeuvres,,,Slot 2,,,,,,,,,
,,,Extra Experience,,,Slot 3,,,,,,,,,
,,,Boost-Start,,,Slot 4,,,,,,,,,
,,,A Step Ahead,,,Slot 1,,,,,,,,,
,Temenos,Equip,Grows on Trees,,,Slot 2,,,,,,,,,
,,,Boost-Start,,,Slot 3,,,,,,,,,
,Inventory,,,,,,,,,,,,,,
,Order Obtained,Giant's Club,,,,Hikari,,,,,,,,,
,,Fortifying Nut (L),,,,,,,,,,,,Osvald,Throne
,Notes,,,,,,,,,,,,,,
,"If Hikari is not at full health, use a refreshing jam on him (right above the fortifying nut L in the menu)",,,,,,,,,,,,,,
,,,,,,,,,,,,,,,
,Overworld,,,,,,,,,,,,,,
,Steal the Sharp Nut and Warding Leaf from the girl in the provisioner.,,,,,,,,,,,,,,
,,,,,,,,,,,,,,Agnea,Castti
,Overworld,,,,,,,,,,,,,Partitio,Temenos
,Fight Kunzo at night.,,,,,,,,,,,,,,
,,,,,,,,,,,,,,,
,Kunzo,,,,,,,,,,,,,,
,First,Dagger / Axe x3,,,,Kunzo,,,,,,,,,
,Second,Dagger / Axe x2,,,,Kunzo,,,,,,,,,
,Hikari,Divine Dual-Edge x3 (when broken),,,,,,,,,,,,,
,,,,,,,,,,,,,,,
,Jin Mei,,,,,,,,,,,,,,
,T1,Sword,,,,,,,,,,,,,
,T2,Sword,,,,,,,,,,,,,
,T3,Defend,,,,,,,,,,,,,
,T4,Wild Cut x2,,,,,,,,,,,,,
,T5,Wild Cut x4,,,,,,,,,,,,,
,,,,,,,,,,,,,,,
,Overworld,,,,,,,,,,,,,,
,Get the Thunderstorm Amulet in the tower to the left before the save point (right before the boss).,,,,,,,,,,,,,,
,Fight Rai Mei at night.,,,,,,,,,,,,,,
,,,,,,,,,,,,,,,
,Rai Mei,,,,,,,,,,,,,,
,Turn 1,,,,,,,,,,,,,,
,Throne,HHB x3,,,,,,,,,,,,,
,Hikari,Energising Pomegranate (L),,,,Throne,,,,,,,,,
,Temenos,Defend,,,,,,,,,,,,,
,Turn 2,,,,,,,,,,,,,,
,Throne,HHB x4,,,,,,,,,,,,,
,Hikari,Divine Dual-Edge x4,,,,,,,,,,,,,
,Temenos,Staff x4,,,,,,,,,,,,,
,,,,,,,,,,,,,,,
,Overworld,,,,,,,,,,,,,,
,Warp to Beasting Bay: Anchorage.,,,,,,,,,,,,,,
,,,,,,,,,,,,,,,
,Menu,,,,,,,,,,,,,,
,Before fighting Gigantes,,,,,,,,,,,,,,
,Learn Skills,,,,,,,,,,,,,,
,Hikari,5 Warrior skills,,,,,,,,,,,,,
,Support Skills,,,,,,,,,,,,,,
,Hikari,Equip,Deal More Damage over Grows on Trees,,,Slot 1,,,,,,,,,
,,,,,,,,,,,,,,,
,Overworld,,,,,,,,,,,,,,
,Go to the Nameless Isle.,,,,,,,,,,,,,,
,Fight Gigantes at night.,,,,,,,,,,,,,,
,,,,,,,,,,,,,,,
,Gigantes,,,,,,,,,,,,,,
,Turn 1,,,,,,,,,,,,,,
,Throne,Bow x3,,,,,>,,,,,,,,
,Hikari,Defend,,,,,,,,,,,,,
,Castti,Bow x3,,,,,,,,,,,,,
,Temenos,Sword x3,,,,,>,,,,,,,,
,Turn 2,,,,,,,,,,,,,,
,Hikari,Conqueror's Sword x4,,,,,,,,,,,,,
,,,,,,,,,,,,,,,
,Overworld,,,,,,,,,,,,,,
,Get the Finisher's Claws from the red chest.,,,,,,,,,,,,,,
,Inquire Georges Lazuli.,,,,,,,,,,,,,,
,Warp to Sai.,,,,,,,,,,,,,,
,Go to Ku.,,,,,,,,,,,,,,
,,,,,,,,,,,,,,,
,Hikari Ch. 5,,,,,,,,,,,,,,
,Menu,,,,,,,,,,,,,,
,Before fighting Ritsu,,,,,,,,,,,,,,
,Inventory,,,,,,,,,,,,,,
,Order Obtained,Finisher's Claws,,,Hikari,Slot 2,whichever slot the champion's belt isn't in,,,,,,,,
,,,,,,,,,,,,,,,
,Overworld,,,,,,,,,,,,,,
,Rest at the inn if Hikari died since the assassins fight (you'll know he died if his LP bar isn't near full),,,,,,,,,,,,,,
,Fight Ritsu at night.,,,,,,,,,,,,,,
,,,,,,,,,,,,,,,
,Ritsu,,,,,,,,,,,,,,
,Turn 1,,,,,,,,,,,,,,
,Throne,Defend,,,,,,,,,,,,,
,Hikari,Defend,,,,,,,,,,,,,
,Castti,Bow x3,,,,,,,,,,,,,
,Temenos,Critical Scope,,,,,<,,,,,,,,
,Turn 2,,,,,,,,,,,,,,
,Throne,Spear / Bow x4,,,,,,,,,,,,,
,Hikari,Conqueror's Sword x4,,,,,,,,,,,,,
,Castti,Abating Orb,,,,,,,,,,,,,
,,,,,,,,,,,,,,,
,Mugen,,,,,,,,,,,,,,
,Turn 1,,,,,,,,,,,,,,
,Throne,Spear x3,,,,,<,,,,,,,,
,Hikari,Defend,,,,,,,,,,,,,
,Castti,Axe x3,,,,,,,,,,,,,
,Temenos,Critical Scope,,,,,,,,,,,,,
,Turn 2,,,,,,,,,,,,,,
,Hikari,Conqueror's Sword x4,,,,,,,,,,,,,
,Castti,Abating Orb,,,,,,,,,,,,,
,,,,,,,,,,,,,,,
,"""Hikari""",,,,,,,,,,,,,,
,T1,Aggressive Slash x2,,,,,,,,,,,,,
,T2,Defend,,,,,using slowing sweep here raises the odds of getting a hienka crit to 93.75%,,,,,,,,
,T3,Aggressive Slash,,,,,,,,,,,,,
,T4,"Hienka x4 (non crit is 8k damage, crit is 15k)",,,,,75% chance to get at least 1 crit,,,,,,,,
,T4-a,Thunder Soulstone (L) / Defend (if you got a Hienka crit),,,,,,,,,,,,,
,T5,Sword x4,,,,,,,,,,,,,
,,,,,,,,,,,,,,,
,Enshrouded King,,,,,,,,,,,,,,
,Turn 1,,,,,,,,,,,,,,
,Throne,Spear / Bow x3,,,,,,,,,,,,,
,Hikari,Defend,,,,,,,,,,,,,
,Castti,Concoct x3,,,,,,,,,,,,,
,,Blusterbloom x4,,,,,,,,,,,,,
,Temenos,Staff x3,,,,,,,,,,,,,
,Turn 2,,,,,,,,,,,,,,
,Throne,Armour Corrosive,,,,,,,,,,,,,
,Hikari,Conqueror's Sword x4,,,,,,,,,,,,,
,Castti,Concoct,,,,Hikari,,,,,,,,,
,,Weeds,,,,,,,,,,,,,
,,Mighty Leaf,,,,,,,,,,,,,
,Temenos,Critical Scope,,,,,,,,,,,,,
,Notes,,,,,,,,,,,,,,
,"In place of weeds, can use anything that isn't the warding leaf to remove it from the concoct inventory. You need to leave 1 ""junk"" item for galdy, which is usually the grape leaf. This is completely optional.",,,,,,,,,,,,,,
,,,,,,,,,,,,,,,
,Overworld,,,,,,,,,,,,,,
,Steal 2 Whimsical Leaves and a Light Soulstone (M) from the merchant to the right.,,,,,,skip the soulstone if you didn't need to use the thunder L,,,,,,,,
,Steal the Fortifying Nut and Magic Nut from the man on the right blocking the alley.,,,,,,,,,,,,,Osvald,Throne
,Steal the Unerring Bracelet from the quest NPC outside the tavern.,,,,,,,,,,,,,Ochette,Hikari
,Go to the tavern.,,,,,,,,,,,,,Agnea,Castti
,,,,,,,,,,,,,,Partitio,Temenos
,Tavern,,,,,,,,,,,,,,
,Change Party,,,,,,,,,,,,,Osvald,Throne
,Idle Party Members,,,,Current Party,,,,,,,,,Ochette,Hikari
,Slot 4,Partitio,>,,Slot 4,Temenos,,,,,,,,Agnea,Castti
,,,,,,,,,,,,,,Temenos,Partitio
,Overworld,,,,,,,,,,,,,,
,Warp to Crackridge Harbour: Anchorage.,,,,,,,,,,,,,,
,Steal the Giant Shield and purchase the Battle-Tested Blade from Bandelam.,,,,,,,,,,,,,,
,Warp to Winterbloom.,,,,,,,,,,,,,,
,,,,,,,,,,,,,,,
,Castti Ch. 2: Winterbloom Route,,,,,,,,,,,,,,
,Winterbloom,,,,,,,,,,,,,,
,"Inquire the man in blue in the tavern for ""Easier Inquiries"".",,,,,,,,,,,,,,
,,,,,,,,,,,,,,,
,Menu,,,,,,,,,,,,,,
,Before Plukk,,,,,,,,,,,,,,
,Inventory,,,,,,,,,,,,,,
,Order Obtained,Battle-Tested Blade,,,,Hikari,,,,,,,,,
,,2 Fortifying Nuts,,,,,,,,,,,,,
,Jobs,,,,,,,,,,,,,,
,Castti,Inventor,,,,,v 2,,,,,,,,
,Throne,Merchant,2 Merchant skills,,,,,,,,,,,,
,,Hunter,Take Aim,,,,v 3,,,,,,,,
,,,Abating Orb,,,,,,,,,,,,
,Support Skills,,,,,,,,,,,,,,
,Throne,Equip,Full Power over Boost-Start,,,Slot 3,,,,,,,,,
,,,,,,,,,,,,,,,
,Winterbloom: Thieves' Quarters,,,,,,,,,,,,,,
,"Inquire the man guarding the door in the Thieves' Quarters for ""Thieving Tips and Tricks"".",,,,,,,,,,,,,,
,Fight Plukk at night.,,,,,,,,,,,,,,
,,,,,,,,,,,,,,,
,Plukk,,,,,,,,,,,,,,
,Turn 1,,,,,,,,,,,,,,
,Hikari,Divine Dual-Edge x3,,,,,,,,,,,,,
,,,,,,,,,,,,,,,
,Overworld,,,,,,,,,,,,,,
,"After finishing the chapter, warp to Abandoned Village.",,,,,,,,,,,,,,
,,,,,,,,,,,,,,,
,Castti Ch. 3,,,,,,,,,,,,,,
,Overworld,,,,,,,,,,,,,,
,"After finishing the chapter, warp to Timberain.",,,,,,,,,,,,,,
,,,,,,,,,,,,,,,
,Castti Ch. 4,,,,,,,,,,,,,,
,Overworld,,,,,,,,,,,,,,
,Bribe the soldier with a helmet near the entrance to town on the way to the tavern.,,,,,,,,,,,,,,
,"After it starts raining, go to the provisioner.",,,,,,,,,,,,,,
,,,,,,,,,,,,,,,
,Armourer,,,,,,,,,,,,,,
,Sell,,,,,,,,,,,,,,
,Conqueror's Sword,,,,,,,,,,,,,,
,Drifting Dagger,,,,,,,,,,,,,,
,Bow of Carnage,,,,,,,,,,,,,,
,Buy,,,,,,,,,,,,,,
,7 Strengthening Serum,,,,,,,,,,,,,,
,1 Diffusing Serum,,,,,,,,,,,,,,
,,,,,,,,,,,,,,,
,Go to the armourer.,,,,,,,,,,,,,,
,,,,,,,,,,,,,,,
,Armourer,,,,,,,,,,,,,,
,Buy,,,,,,,,,,,,,,
,4 Empowering Bracelet,,,,,,,,,,,,,,
,2 Royal Guard's Mail,,,,,,,,,,,,,,
,Royal Guard's Helm,,,,,Hikari,,,,,,,,,
,,,,,,,,,,,,,,,
,Purchase the Blessed Vestments from the judge in the inn.,,,,,,,,,,,,,,
,Get the Wind Soulstone (L) from the chest to the left of the castle entrance.,,,,,,,,,,,,,,
,Fight Trousseau at night.,,,,,,,,,,,,,,
,,,,,,,,,,,,,,,
,Trousseau,,,,,,,,,,,,,,
,Turn 1,,,,,,,,,,,,,,
,Throne,Latent Power + Armour Corrosive,,,,,,,,,,,,,
,,Abating Orb,,,,,,,,,,,,,
,Hikari,Slowing Sweep,,,,,,,,,,,,,
,Castti,Axe x3 / Defend (need at least one defend),,,,,,,,,,,,,
,Partitio,Spear x3 / Defend,,,,,,,,,,,,,
,Turn 2,,,,,,,,,,,,,,
,Hikari,Shinjumonjigiri x4,,,,,,,,,,,,,
,Castti / Partitio,Axe / Spear x4,,,,,,,,,,,,,
,,,,,,,,,,,,,,Osvald,Throne
,"After finishing the chapter, warp to New Delsta.",,,,,,,,,,,,,Ochette,Hikari
,Go to the tavern.,,,,,,,,,,,,,Agnea,Castti
,,,,,,,,,,,,,,Temenos,Partitio
,Tavern,,,,,,,,,,,,,,
,Change Party,,,,,,,,,,,,,Osvald,Throne
,Idle Party Members,,,,Current Party,,,,,,,,,Ochette,Hikari
,Slot 3,Agnea,>,,Slot 4,Partitio,,,,,,,,Partitio,Castti
,Hear a Tale,,,,,,,,,,,,,Temenos,Agnea
,Agnea Ch. 2,,,,,,,,,,,,,,
,,,,,,,,,,,,,,,
,Agnea Ch. 2,,,,,,,,,,,,,,
,Overworld,,,,,,,,,,,,,,
,"After the cutscene outside the theatre, warp to Beasting Bay: Anchorage..",,,,,,,,,,,,,,
,Get the Fortune Wand from the chest to the north.,,,,,,,,,,,,,,
,Go to Curious Nest.,,,,,,,,,,,,,,
,Fight the Battle-Worn Shark at night.,,,,,,,,,,,,,,
,,,,,,,,,,,,,,,
,Battle-Worn Shark,,,,,,,,,,,,,,
,Turn 1,,,,,,,,,,,,,,
,Throne,Armour Corrosive,,,,,,,,,,,,,
,Hikari,Defend,,,,,,,,,,,,,
,Turn 2,,,,,,,,,,,,,,
,Hikari,Shinjumonjigiri x4,,,,,,,,,,,,,
,,,,,,,,,,,,,,,
,Fight Tyrannodrake at night.,,,,,,,,,,,,,,
,,,,,,,,,,,,,,,
,Tyrannodrake,,,,,,,,,,,,,,
,Turn 1,,,,,,,,,,,,,,
,Throne,Latent Power + Armour Corrosive,,,,,,,,,,,,,
,,Defend,,,,,,,,,,,,,
,Hikari,Sixfold Strike,,,,,,,,,,,,,
,Castti,Critical Scope,,,,,,,,,,,,,
,Turn 2,,,,,,,,,,,,,,
,Throne,Precise Shot x3,,,,,,,,,,,,,
,Hikari,Shinjumonjigiri x4,,,,,,,,,,,,,
,,,,,,,,,,,,,,,
,Overworld,,,,,,,,,,,,,,
,"Get the 2 Decaying Dragon's Essences, Fang of Ferocity and Tornado Glaive.",,,,,,,,,,,,,,
,Warp to Beasting Bay: Anchorage.,,,,,,,,,,,,,,
,Get the Reinforcing Jam on the way to Scourge of the Sea.,,,,,,,,,,,,,,
,Fight the Scourge of the Sea at night.,,,,,,,,,,,,,,
,,,,,,,,,,,,,,,
,Scourge of the Sea,,,,,,,,,,,,,,
,Turn 1,,,,,,,,,,,,,,
,Throne,Armour Corrosive,,,,,,,,,,,,,
,Hikari,Defend,,,,,,,,,,,,,
,Castti,Critical Scope,,,,,,,,,,,,,
,Turn 2,,,,,,,,,,,,,,
,Hikari,Shinjumonjigiri x4,,,,,,,,,,,,,
,,,,,,,,,,,,,,,
,Overworld,,,,,,,,,,,,,,
,Warp to New Delsta.,,,,,,,,,,,,,,
,Entreat the Theatre Ticket.,,,,,,,,,,,,,,
,Entreat the Fortifying Nut (M) and Nourishing Nut (M) from the man near the tavern entrance.,,,,,,,,,,,,,,
,"After alluring both NPCs on the second screen to Gil, warp to Winterbloom.",,,,,,,,,,,,,,
,Entreat the Fortifying Nut (L) from the soldier.,,,,,,,,,,,,,,
,Steal the Lightning Amulet and Dazzling Artwork from Greg up the stairs.,,,,,,,,,,,,,,
,"Steal the Thick Tome and Brooch of Joy from Melia.
(brooch should be 55%, else you forgot to inquire thieving tips and tricks)",,,,,,,,,,,,,,
,,,,,,,,,,,,,,,
,Menu,,,,,,,,,,,,,,
,Before La'mani,,,,,,,,,,,,,,
,Inventory,,,,,,,,,,,,,,
,Order Obtained,Brooch of Joy,,,Castti,Slot 2,,,,,,,,,
,,Fortifying Nut (L),,,Hikari,,,,,,,,,,
,Support Skills,,,,,,,,,,,,,,
,Castti,Unequip,A Step Ahead,,,Slot 1,,,,,,,,,
,,,,,,,,,,,,,,,
,Warp to New Delsta.,,,,,,,,,,,,,,
,Steal the Sprightly Ring from the topmost of the trio of 3 NPCs near the entrance.,,,,,,,,,,,,,,
,Allure the woman on the way back to the tavern.,,,,,,,,,,,,,,
,Get the Lightning Amulet in the top floor on the first screen in the theatre.,,,,,,,,,,,,,,
,Fight La'mani in the day. ,,,,,,,,,,,,,,
,,,,,,,,,,,,,,,
,La'mani,,,,,,,,,,,,,,
,Turn 1,,,,,,,,,,,,,,
,Hikari,Shinjumonjigiri x2,,,,,,,,,,,,Osvald,Throne
,,,,,,,,,,,,,,Ochette,Hikari
,Overworld,,,,,,,,,,,,,,
,"Talk to Al to complete ""The Traveler's Bag"".",,,,,,,,,,,,,,
,Warp to Tropu'hopu.,,,,,,,,,,,,,,
,Start Agnea Ch. 3.,,,,,,,,,,,,,,
,"After the cutscene on the next screen, warp to Montwise.",,,,,,,,,,,,,,
,,,,,,,,,,,,,,,
,Throne Ch. 3: Father's Route,,,,,,,,,,,,,Temenos,Castti
,Abandoned Church,,,,,,,,,,,,,,
,Fight Father at night.,,,,,,,,,,,,,,
,,,,,,,,,,,,,,,
,Father,,,,,,,,,,,,,,
,Turn 1,,,,,,,,,,,,,,
,Throne,Latent Power + Abating Orb,,,,,,,,,,,,,
,,Armour Corrosive,,,,,,,,,,,,,
,Hikari,Defend,,,,,,,,,,,,,
,Turn 2,,,,,,,,,,,,,,
,Hikari,Shinjumonjigiri x4,,,,,,,,,,,,,
,,,,,,,,,,,,,,,
,Overworld,,,,,,,,,,,,,,
,Warp to Tropu'hopu.,,,,,,,,,,,,,,
,,,,,,,,,,,,,,,
,Agnea Ch. 3,,,,,,,,,,,,,,
,Overworld,,,,,,,,,,,,,,
,"After finishing the chapter, warp to Sai.",,,,,,,,,,,,,,
,,,,,,,,,,,,,,,
,Agnea Ch. 4,,,,,,,,,,,,,,
,Overworld,,,,,,,,,,,,,,
,Steal the Reinforcing Jam from the lady down the stairs if you needed to use one after Yurinas.                                         ,,,,,,,,,,,,,,
,Grab the Wind Whisperer from the first red chest.,,,,,,,,,,,,,,
,Fight Veronica at night.,,,,,,,,,,,,,,
,,,,,,,,,,,,,,,
,Veronica,,,,,,,,,,,,,,
,Turn 1,,,,,,,,,,,,,,
,Throne,Armour Corrosive,,,,,,,,,,,,,
,Hikari,Defend,,,,,,,,,,,,,
,Turn 2,,,,,,,,,,,,,,
,Hikari,Shinjumonjigiri x4,,,,,,,,,,,,,
,,,,,,,,,,,,,,,
,Overworld,,,,,,,,,,,,,,
,"After finishing the chapter, warp to Ryu.",,,,,,,,,,,,,,
,,,,,,,,,,,,,,Osvald,Throne
,"The Dancer & Warrior, Part 1",,,,,,,,,,,,,Ochette,Hikari
,Overworld,,,,,,,,,,,,,Partitio,Castti
,"While waiting for the next day, go to the tavern.",,,,,,,,,,,,,Temenos,Agnea
,,,,,,,,,,,,,,,
,Tavern,,,,,,,,,,,,,Osvald,Throne
,Change Party,,,,,,,,,,,,,Ochette,Hikari
,Idle Party Members,,,,Current Party,,,,,,,,,Castti,Partitio
,Slot 3,Partitio,>,,Slot 3,Castti,,,,,,,,Temenos,Agnea
,,,,,,,,,,,,,,,
,Overworld,,,,,,,,,,,,,,
,Go to the provisioner.,,,,,,,,,,,,,,
,,,,,,,,,,,,,,,
,Provisioner,,,,,,,,,,,,,,
,Buy,,,,,,,,,,,,,,
,Blusterbloom x22,,,,,,,,,,,,,,
,Sell,,,,,,,,,,,,,,
,Thick Tome,,,,,,,,,,,,,,
,Dazzling Artwork,,,,,,,,,,,,,,
,Lost Tribe's Blade,,,,,,,,,,,,,,
,,,,,,,,,,,,,,,
,"After finishing the chapter, warp to Roque Island.",,,,,,,,,,,,,,
,,,,,,,,,,,,,,,
,Partitio Ch. 4,,,,,,,,,,,,,,
,Roque Island,,,,,,,,,,,,,,
,"After the cutscene on the next screen, steal the Energising Pomegranate (M), Energising Pomegranate (L), and Wind Soulstone (M) from the man outside the inn.                                        ",,,,,,,,,,,,,,
,Rest at the inn if Partitio doesn't have latent power.,,,,,,,,,,,,,,
,Bribe the man on the right northeast of the statue.,,,,,,,,,,,,,,
,Talk to the tavern keeper.,,,,,,,,,,,,,,
,,,,,,,,,,,,,,,
,Tavern,,,,,,,,,,,,,,
,Change Party,,,,,,,,,,,,,,
,Idle Party Members,,,,Current Party,,,,,,,,,,
,Slot 3,Castti,>,,Slot 4,Agnea,,,,,,,,,
,,,,,,,,,,,,,,,
,Get the Critical Nut (L).,,,,,,,,,,,,,,
,"In the East Tower, hear travel banter just before going down the stairs to the floor with the books.",,,,,,,,,,,,,,
,Fight the Steam Tank at night.,,,,,,,,,,,,,,
,,,,,,,,,,,,,,,
,Steam Tank Obsidian,,,,,,,,,,,,,,
,Turn 1,,,,,,,,,,,,,,
,Throne,Latent Power + Abating Orb,,,,Steam Tank,,,,,,,,,
,,Take Aim,,,,,,,,,,,,,
,Hikari,Defend,,,,,,,,,,,,,
,Partitio,HHR x2,,,,,debuffing the parts gets overkill,,,,,,,,
,Turn 2,,,,,,,,,,,,,,
,Hikari,Shinjumonjigiri x4,,,,Steam Tank,,,,,,,,,
,,,,,,,,,,,,,,,
,Clockbank,,,,,,,,,,,,,,
,"After finishing the chapter, steal the Light Nut (M) from the man near the entrance.",,,,,,,,,,,,,,
,Warp to Oresrush.,,,,,,,,,,,,,,
,Purchase the Battle-Tested Staff from Roque.,,,,,,,,,,,,,,
,Warp to Conning Creek.,,,,,,,,,,,,,Osvald,Throne
,Steal the Critical Nut (L) from the old man in the tavern.,,,,,,,,,,,,,Ochette,Hikari
,Talk to the tavern keeper.,,,,,,,,,,,,,Agnea,Partitio
,,,,,,,,,,,,,,Temenos,Castti
,Tavern,,,,,,,,,,,,,,
,Change Party,,,,,,,,,,,,,Osvald,Throne
,Idle Party Members,,,,Current Party,,,,,,,,,Partitio,Hikari
,Slot 2,Ochette,>,,Slot 3,Partitio,,,,,,,,Agnea,Ochette
,Hear a Tale,,,,,,,,,,,,,Temenos,Castti
,Ochette Ch. 2: Cateracta's Route,,,,,,,,,,,,,,
,,,,,,,,,,,,,,,
,Ochette Ch. 2: Cateracta's Route,,,,,,,,,,,,,,
,Conning Creek: Harbour,,,,,,,,,,,,,,
,Steal the Sharp Nut and Light Nut from the lady to the right on the way to Alpione.,,,,,,,,,,,,,,
,,,,,,,,,,,,,,,
,Alpione,,,,,,,,,,,,,,
,T1,Soulstone (M),,,,,,,,,,,,,
,,,,,,,,,,,,,,,
,Conning Creek: Harbour,,,,,,,,,,,,,,
,"After finishing the chapter, warp to Crackridge.",,,,,,,,,,,,,,
,Start Ochette Ch. 2: Tera's Route.,,,,,,,,,,,,,,
,,,,,,,,,,,,,,,
,Menu,,,,,,,,,,,,,,
,Before leaving Crackridge,,,,,,,,,,,,,,
,Jobs,,,,,,,,,,,,,,
,Hikari,Scholar,,,,,^ 3,,,,,,,,
,Ochette,Armsmaster,,,,,v 1,,,,,,,,
,Support Skills,,,,,,,,,,,,,,
,Castti,Unequip,Evasive Manoeuvres,,,Slot 2,,,,,,,,,
,,,,,,,,,,,,,,,
,Leave town to the west and hunt for Buttermeep at night.,,,,,,,,,,,,,,
,,,,,,,,,,,,,,,
,Buttermeep,,,,,,,,,,,,,,
,Turn 1,,,,,,,,,,,,,,
,Anyone,Attack (Hikari uses spear),,,,,,,,,,,,,
,Ochette,Defend / Capture,,,,,,,,,,,,,
,Anyone,Flee,,,,,,,,,,,,,
,,,,,,,,,,,,,,,
,Menu,,,,,,,,,,,,,,
,After capturing the Buttermeep,,,,,,,,,,,,,,
,Equipment,,,,,,,,,,,,,,
,Ochette,Optimize,,,,,"Equips Wind Whisperer, Tornado Glaive, Royal Guard's Mail",,,,,,,,
,Support Skills,,,,,,,,,,,,,,
,Castti,Equip,Evasive Manoeuvres,,,Slot 1,,,,,,,,,
,,,,,,,,,,,,,,,
,Ochette: Monster Roster,,,,,,,,,,,,,,
,Before returning to Crackridge,,,,,,,,,,,,,,
,Prepare,,,,,,,,,,,,,,
,Snow Yak,,,,,,,,,,,,,,
,Buttermeep,,,,,,,,,,,,,,
,,,,,,,,,,,,,,,
,"After catching the Buttermeep, warp to Crackridge (can also walk back if close enough).",,,,,,,,,,,,,,
,,,,,,,,,,,,,,,
,Ochette Ch. 2: Tera's Route,,,,,,,,,,,,,,
,Crackridge,,,,,,,,,,,,,,
,"Before going to the Bed of the Titan, challenge the old lady near the east exit.",,,,,,,,,,,,,,
,,,,,,,,,,,,,,,
,Elderly Woman,,,,,,,,,,,,,,
,Hikari,Sword,,,,,,,,,,,,,
,,,,,,,,,,,,,,,
,Learn Vacant Stare.,,,,,,,,,,,,,,
,Ambush the scholar at the bottom right of the town.,,,,,,,,,,,,,,
,Get From the Far Reaches of Hell.,,,,,,,,,,,,,,
,Go to Bed of the Titan.,,,,,,,,,,,,,,
,Fight Tera at night.,,,,,,,,,,,,,,
,,,,,,,,,,,,,,,
,Tera,,,,,,,,,,,,,,
,Turn 1,,,,,,,,,,,,,,
,Throne,Armour Corrosive,,,,,,,,,,,,,
,Hikari,Defend / Shinjumonjigiri x3 (if after Throne),,,,,,,,,,,,,
,Turn 2,,,,,,,,,,,,,,
,Hikari,Shinjumonjigiri x3 (if not done already),,,,,,,,,,,,,
,,,,,,,,,,,,,,,
,"After finishing the chapter, warp to Stormhail.",,,,,,,,,,,,,,
,,,,,,,,,,,,,,,
,Ochette Ch. 2: Glacis's Route,,,,,,,,,,,,,,
,Sanctum Knight,,,,,,,,,,,,,,
,T1,Thunder Soulstone (L) (if you still have it) or Soulstone (M),,,,,,,,,,,,,
,T2,Defend,,,,,,,,,,,,,
,T3,Tera,,,,,,,,,,,,,
,,,,,,,,,,,,,,,
,Fight Glacis at night.,,,,,,,,,,,,,,
,,,,,,,,,,,,,,,
,Glacis,,,,,,,,,,,,,,
,Turn 1,,,,,,,,,,,,,,
,Throne,Armour Corrosive,,,,,,,,,,,,,
,Hikari,Defend / Shinjumonjigiri x3 (if after Throne),,,,,,,,,,,,,
,Turn 2,,,,,,,,,,,,,,
,Hikari,Shinjumonjigiri x3 (if not done already),,,,,,,,,,,,,
,,,,,,,,,,,,,,,
,"After finishing the chapter, warp to Beasting Village.",,,,,,,,,,,,,,
,,,,,,,,,,,,,,,
,Ochette Ch. 3,,,,,,,,,,,,,,
,Overworld,,,,,,,,,,,,,,
,"On the way to Juvah, steal the Fortifying Nut from the beastling guarding the house.",,,,,,,,,,,,,,
,Fight the Shadowy Monsters during the day.,,,,,,,,,,,,,,
,,,,,,,,,,,,,,,
,Shadowy Monsters,,,,,,,,,,,,,,
,Hikari,Divine Dual-Edge x3,,,,,,,,,,,,,
,,,,,,,,,,,,,,,
,Overworld,,,,,,,,,,,,,,
,Get the Tornado Bow after crossing the bridge at Stormy Cape.,,,,,,,,,,,,,,
,Kill the encounter in the day with Divine Dual-Edge x3.,,,,,,,,,,,,,,
,Switch to night before fighting Lajackal.,,,,,,,,,,,,,,
,,,,,,,,,,,,,,,
,Menu,,,,,,,,,,,,,,
,Before fighting Lajackal,,,,,,,,,,,,,,
,Inventory,,,,,,,,,,,,,,
,Order Obtained,Tornado Bow,,,,Ochette,,,,,,,,,
,Learn Skills,,,,,,,,,,,,,,
,Throne,Thief,Aeber's Reckoning,,,,,,,,,,,,
,Ochette,Hunter,Leghold Trap,,,,,,,,,,,,
,Support Skills,,,,,,,,,,,,,,
,Castti,Equip,A Step Ahead over Boost-Start,,,Slot 4,,,,,,,,,
,,,,,,,,,,,,,,,
,Lajackal of the Sorrowful Moon,,,,,,,,,,,,,,
,Turn 1,,,,,,,,,,,,,,
,Throne,Latent Power + Armour Corrosive,,,,,,,,,,,,,
,,Abating Orb,,,,,,,,,,,,,
,Hikari,Defend,,,,,,,,,,,,,
,Castti,Critical Scope,,,,,,,,,,,,,
,Turn 2,,,,,,,,,,,,,,
,Hikari,Shinjumonjigiri x4,,,,,,,,,,,,,
,,,,,,,,,,,,,,,
,Overworld,,,,,,,,,,,,,,
,"After finishing the chapter, warp to Cropdale.",,,,,,,,,,,,,,
,,,,,,,,,,,,,,,
,"The Apothecary & Hunter, Part 1",,,,,,,,,,,,,,
,Overworld,,,,,,,,,,,,,skip lychee if Agnea has full latent,
,Fight the Dire Duorduor during the day.,,,,,,,,,,,,,,
,,,,,,,,,,,,,,,
,Dire Duorduor,,,,,,,,,,,,,,
,Hikari,Sword x3,,,,,,,,,,,,Osvald,Throne
,,,,,,,,,,,,,,Partitio,Hikari
,Overworld,,,,,,,,,,,,,,
,"After finishing the chapter, warp to Cropdale.",,,,,,,,,,,,,,
,,,,,,,,,,,,,,,
,"The Apothecary & Hunter, Part 2",,,,,,,,,,,,,,
,Wriggling Shadow,,,,,,,,,,,,,,
,T1,Wind Soulstone (L),,,,,,,,,,,,,
,T2,Wind Soulstone (L),,,,,,,,,,,,,
,,,,,,,,,,,,,,,
,Creeping Shadow,,,,,,,,,,,,,,
,Turn 1,,,,,,,,,,,,,,
,Throne,Armour Corrosive,,,,,,,,,,,,,
,Hikari,Defend,,,,,,,,,,,,,
,Turn 2,,,,,,,,,,,,,,
,Hikari,Shinjumonjigiri x4,,,,,,,,,,,,,
,,,,,,,,,,,,,,,
,Overworld,,,,,,,,,,,,,,
,"After finishing the chapter, warp to Gravell.",,,,,,,,,,,,,,
,Inquire/Bribe the hunter outside.,,,,,,,,,,,,,,
,Warp to Gravell.,,,,,,,,,,,,,,
,Steal the Empowering Lychee (L) and Sharp Nut (L) from the old man.,,,,,,,,,,,,,,
,Steal the Tough Nut (L) from Alpione.,,,,,,,,,,,,,,
,"Talk to Alpione twice to complete ""Alpione's Next Chapter"".",,,,,,,,,,,,,,
,Warp to Merry Hills.,,,,,,,,,,,,,,
,Steal the Quick Cloak from the lady in blue.,,,,,,,,,,,,,,
,Bribe the merchant in the provisioner.,,,,,,,,,,,,,,
,Go to the armourer.,,,,,,,,,,,,,,
,,,,,,,,,,,,,,,
,Armourer,,,,,,,,,,,,,,
,Buy,,,,,,,,,,,,,,
,Breaker's Blade,,,,,Throne,,,,,,,,,
,Swift Shield,,,,,,,,,,,,,,
,,,,,,,,,,,,,,,
,Steal the Magic Nut (L) from the person under the bridge.                                        ,,,,,,,,,,,,,,
,Warp to Wellgrove.,,,,,,,,,,,,,,
,Start Throne ch.3: Mother's Route.,,,,,,,,,,,,,,
,Steal the Habit.,,,,,,,,,,,,,,
,Go to the tavern.,,,,,,,,,,,,,,
,,,,,,,,,,,,,,,
,Tavern,,,,,,,,,,,,,,
,Change Party,,,,,,,,,,,,,,
,Idle Party Members,,,,Current Party,,,,,,,,,,
,Slot 3,Agnea,>,,Slot 3,Ochette,,,,,,,,,
,,,,,,,,,,,,,,,
,Entreat the Nourishing Nut (M) and Magic Nut (L) from the merchant outside the department store.,,,,,,,,,,,,,,
,Get the dancer licence.,,,,,,,,,,,,,,
,,,,,,,,,,,,,,,
,Menu,,,,,,,,,,,,,,
,After getting the Dancer Licence,,,,,,,,,,,,,,
,Jobs,,,,,,,,,,,,,,
,Castti,Dancer,"5 Dancer skills, Sealticge's Seduction",,,,v 3,,,,,,,,
,,Warrior,5 Warrior skills,,,,^ 2,,,,,,,,
,,Armsmaster,,,,,^ 2,,,,,,,,
,Agnea,Dancer,Peacock Strut,,,,,,,,,,,,
,,Inventor,,,,,^ 3,,,,,,,,
,Hikari,Thief,5 Thief skills,,,,v 1,,,,,,,,
,,Dancer,"5 Dancer skills, Sealticge's Seduction",,,,^ 3,,,,,,,Osvald,Throne
,Throne,Warrior,5 Warrior skills,,,,v 3,,,,,,,,
,,Scholar,,,,,v 4,,,,,,,,
,,,,,,,,,,,,,,,
,Get 2 more dancer licences.,,,,,,,,,,,,,,
,Warp to Montwise.,,,,,,,,,,,,,Temenos,Castti
,Steal the Magic Nut (M) from the merchant.,,,,,,,,,,,,,,
,Go to the tavern.,,,,,,,,,,,,,Osvald,Throne
,,,,,,,,,,,,,,Castti,Temenos
,Tavern,,,,,,,,,,,,,Ochette,Agnea
,Change Party,,,,,,,,,,,,,Hikari,Partitio
,Idle Party Members,,,,Current Party,,,,,,,,,,
,Slot 4,Temenos,>,,Slot 4,Castti,,,,,,,,,
,Slot 2,Partitio,<,,Slot 3,Agnea,,,,,,,,,
,Equipment,,,,,,,,,,,,,,
,Ochette,Unequip All,,,,,,,,,,,,,
,Castti,Optimise,,,,,"Equips tornado glaive, wind whisperer, tornado bow, battle-tested staff, giant shield, ancient circlet, and royal guard's mail",,,,,,,,
,,Equip,Alpione's Amulet,,,,,,,,,,,,
,,,Fang of Ferocity,,,,,,,,,,,,
,,,Blessed Vestments,,,,,,,,,,,,
,Osvald,Optimise,,,,,Equips fortune wand and royal guard's mail,,,,,,,,
,,Equip,Sprightly Ring,,,,,,,,,,,,
,Agnea,Equip,EXP Augmentor,,,,,,,,,,,,
,Partitio,Equip,Unerring Bracelet,,,,,,,,,,,,
,Hikari,Unequip All,,,,,,,,,,,,,
,,Equip,Brooch of Joy,,,,,,,,,,,,
,Throne,Optimise,,,,,"Equips Battle-Tested Blade, Royal Guard's Helm, and Royal Guard's Mail",,,,,,,,
,,Equip,Finisher's Claws,,,,,,,,,,,Osvald,Throne
,,,Champion's Belt,,,,,,,,,,,Partitio,Hikari
,,,Quick Cloak,,,,,,,,,,,Ochette,Agnea
,,,Giant's Club,,,,,,,,,,,Temenos,Castti
,,,,,,,,,,,,,,,
,Menu,,,,,,,,,,,,,,
,After swapping in Temenos,,,,,,,,,,,,,,
,Jobs,,,,,,,,,,,,,,
,Temenos,Dancer,Stimulate,,,,,,,,,,,,
,Partitio,Dancer,1 Dancer skill,,,,,,,,,,,,
,,,Stimulate,,,,,,,,,,,,
,,Cleric,"1 Cleric skill, Aelfric's Blessing",,,,,,,,,,,,
,Support Skills,,,,,,,,,,,,,,
,Partitio,Equip,The Show Goes On over Evasive Manoeuvres,,,Slot 1,,,,,,,,,
,,,,,,,,,,,,,,,
,Talk to the tavern keeper again.,,,,,,,,,,,,,,
,,,,,,,,,,,,,,,
,Tavern,,,,,,,,,,,,,,
,Change Party,,,,,,,,,,,,,,
,Idle Party Members,,,,Current Party,,,,,,,,,,
,Slot 4,Castti,>,,Slot 4,Temenos,,,,,,,,,
,Slot 2,Agnea,<,,Slot 3,Partitio,,,,,,,,,
,,,,,,,,,,,,,,,
,Overworld,,,,,,,,,,,,,,
,Enter the library.,,,,,,,,,,,,,,
,"Talk to the Unusual Tome Specialist (quest NPC on the left) to complete ""Procuring Peculiar Tomes"".",,,,,,,,,,,,,,
,"Talk to Al on the right side of the library to complete ""From the Far Reaches of Hell"".
You may need to switch time to make him show up (also ensure you completed ""The Traveller's Bag"")",,,,,,,,,,,,,,
,Warp to Beasting Bay: Anchorage.,,,,,,,,,,,,,,
,Sail slowly to the Gate of Finis.,,,,,,,,,,,,,,
,,,,,,,,,,,,,,,
,Menu,,,,,,,,,,,,,,
,After reaching the Gate of Finis,,,,,,,,,,,,,,
,Inventory,,,,,,,,,,,,,,
,Items,up to 2 Empowering Lychee (L),,,,Agnea,to fill latent,,,,,,,,
,,Nourishing Nut (L),,,,Throne,,,,,,,,,
,,2 Nourishing Nut (M),,,,Throne,DO NOT USE ALL 3,,,,,,,,
,,Fortifying Nut (M) + Fortifying Nut,,,,Throne,,,,,,,,,
,,Tough Nut (L),,,,Throne,,,,,,,,,
,,All Magic Nuts (2S + 1M + 3L),,,,Castti,,,,,,,,,
,,Resistant Nut (M),,,,Hikari,,,,,,,,,
,,All Sharp Nuts (2L + 2S),,,,Throne,,,,,,,,,
,,All Critical Nuts (2L),,,,Throne,,,,,,,,,
,,All Light Nuts (2S + 1M + 1L),,,,Throne,,,,,,,,,
,Support Skills,,,,,,,,,,,,,,
,Throne,Unequip,Life in the Shadows,,,Slot 4,,,,,,,,,
,,,Full Power,,,Slot 3,,,,,,,,,
,,Equip,Peak Performance over Evil Ward,,,Slot 2,,,,,,,,,
,,,Deal More Damage,,,Slot 3,,,,,,,,,
,,,Summon Strength,,,Slot 4,,,,,,,,,
,Hikari,Unequip,Peak Performance,,,Slot 4,,,,,,,,,
,,Equip,Life in the Shadows over Deal More Damage,,,Slot 1,,,,,,,,,
,,,The Show Goes On,,,Slot 4,,,,,,,,,
,Agnea,Equip,A Step Ahead,,,Slot 4,,,,,,,,,
,Castti,Equip,Deal More Damage over Evasive Manoeuvres,,,Slot 1,,,,,,,,,
,,,Elemental Augmentation,,,Slot 2,,,,,,,,,
,,,,,,,,,,,,,,,
,Switch to night before fighting Galdera.,,,,,,,,,,,,,,
,,,,,,,,,,,,,,,
,Galdera Party Setup,,,,,,,,,,,,,,
,Swap Throne with Osvald,,,,,,,,,,,,,,
,Primary,,,Secondary,,,,,,,,,,,
,Osvald,,,Throne,,,,,,,,,,,
,Hikari,,,Partitio,,,,,,,,,,,
,Agnea,,,Ochette,,,,,,,,,,,
,Castti,,,Temenos,,,,,,,,,,,
,,,,,,,,,,,,,,,
,Omniscient Eye,,,,,,,,,,,,,,
,Turn 1,,,,,,,,,,,,,,
,Hikari,Peacock Strut x2,,,,Castti,,,,,,,,,
,Agnea,Latent Power + Springy Boots,,,,,,,,,,,,,
,Castti,Concoct,,,,Self,,,,,,,,,
,,Grape Leaf (or anything else that isn't weeds),,,,,"weeds can give a speed buff, which messes up the strat",,,,,,,,
,,Whimsical Leaf,,,,,,,,,,,,,
,Turn 2,,,,,,,,,,,,,,
,Osvald/Agnea,Snowy Stew (whoever is first),,,,Castti,,,,,,,,,
,Osvald/Agnea,Forbidden Elixir (whoever is second),,,,Castti,,,,,,,,,
,Hikari,Vacant Stare,,,,,,,,,,,,,
,Castti,Switch to Staff,,,,,,,,,,,,,
,,Latent Power + Concoct x3,,,,,,,,,,,,,
,,Blusterbloom x2,,,,,,,,,,,,,
,,Diffusing Serum,,,,,,,,,,,,,
,,Strengthening Serum,,,,,,,,,,,,,
,Turn 3,,,,,,,,,,,,,,
,Turn order from this point onwards is fixed,,,,,,,,,,,,,,
,Osvald,Analyse x4,,,,,,,,,,,,,
,Agnea,Elemental Bomb Bottle x4,,,,,,,,,,,,,
,Hikari,Vacant Stare x3,,,,,,,,,,,,,
,Castti,Concoct x4,,,,,,,,,,,,,
,,Blusterbloom x4,,,,,,,,,,,,,
,,Strengthening Serum,,,,,,,,,,,,,
,Turn 4,,,,,,,,,,,,,,
,Anyone,Energising Pomegranate (L),,,,Castti,,,,,,,,,
,Castti,Concoct x4,,,,,,,,,,,,,
,,Blusterbloom x4,,,,,,,,,,,,,
,,Strengthening Serum,,,,,,,,,,,,,
,Turn 5,,,,,,,,,,,,,,
,Anyone,Energising Pomegranate (M),,,,Castti,,,,,,,,,
,Castti,Concoct x4,,,,,,,,,,,,,
,,Blusterbloom x4,,,,,,,,,,,,,
,,Strengthening Serum,,,,,,,,,,,,,
,,,,,,,,,,,,,,,
,"Galdera, the Fallen",,,,,,,,,,,,,,
,Turn 1,,,,,,,,,,,,,,
,Throne,Latent Power + Rejuvenating Jam,,,,Self,,,,,,,,,
,,Aeber's Reckoning,,,,,,,,,,,,,
,Partitio,Latent Power (if needed) + Aelfric's Blessing,,,,Throne,,,,,,,,,
,Ochette,Energising Pomegranate (L),,,,Partitio,,,,,,,,,
,Temenos,Defend,,,,,,,,,,,,,
,Turn 1 - Aelfric's,,,,,,,,,,,,,,
,Throne,Latent Power + Reinforcing Jam,,,,Self,,,,,,,,,
,,Aeber's Reckoning,,,,,,,,,,,,,
,Turn 2,,,,,,,,,,,,,,
,Throne,Latent Power + Energising Pomegranate (M),,,,Self,,,,,,,,,
,,Aeber's Reckoning,,,,,,,,,,,,,
,Partitio,Latent Power (if needed) + Aelfric's Blessing,,,,Ochette,,,,,,,,,
,Ochette,Rejuvenating Jam,,,,Throne,,,,,,,,,
,Temenos,Stimulate x4,,,,Throne,,,,,,,,,
,Turn 2 - Aelfric's,,,,,,,,,,,,,,
,Ochette,Leghold Trap,,,,,,,,,,,,,
,Throne,Dagger x3,,,,,,,,,,,,,
,Turn 3,,,,,,,,,,,,,,
,Throne,Latent Power + Armour Corrosive,,,,,,,,,,,,,
,,Dagger x4,,,,,,,,,,,,,
,Partitio,Spear x3,,,,,,,,,,,,,
,Ochette,Provoke Beasts x4,,,,,,,,,,,,,
,,Woodland Birdian IV x6,,,,,,,,,,,,,
,Temenos,Lion Dance,,,,Throne,,,,,,,,,
,Turn 3 - Aelfric's,,,,,,,,,,,,,,
,Ochette,Rejuvenating Jam,,,,Throne,,,,,,,,,
,Throne,Aeber's Reckoning,,,,,,,,,,,,,
,Turn 4,,,,,,,,,,,,,,
,Throne,Latent Power + Energising Pomegranate (M),,,,Self,,,,,,,,,
,,Aeber's Reckoning,,,,,,,,,,,,,
,Turn 4 - Aelfric's,,,,,,,,,,,,,,
,Ochette,Energising Pomegranate (M),,,,Throne,,,,,,,,,
,Throne,Aeber's Reckoning,,,,,,,,,,,,,
,,,,,,,,,,,,,,,
,Menu,,,,,,,,,,,,,,
,After Galdera,,,,,,,,,,,,,,
,Jobs,,,,,,,,,,,,,,
,Hikari,Scholar,,,,,^ 2,,,,,,,,
,Throne,Hunter,,,,,v 1,,,,,,,,
,Equipment,,,,,,,,,,,,,,
,Throne,Unequip All,,,,,,,,,,,,,
,Hikari,Optimize,,,,,,,,,,,,,
,,Equip,Finisher's Claws,,,Slot 2,,,,,,,,,
,Agnea,Unequip,EXP Augmentor,,,Slot 2,,,,,,,,,
,Castti,Unequip All,,,,,,,,,,,,,
,,Equip,EXP Augmentor,,,Slot 2,,,,,,,,,
,Throne,Equip,Spurning Ribbon,,,Slot 2,,,,,,,,,
,,,Brooch of Joy,,,Slot 1,,,,,,,,,
,Hikari,Equip,Champion's Belt,,,Slot 1,,,,,,,,,
,,Unequip,Royal Guard's Mail,,,Body,,,,,,,,,
,,Equip,Giant's Club,,,Staff,,,,,,,,,
,Agnea,Equip,Giant Shield,,,Shield,,,,,,,,,
,Support Skills,,,,,,,,,,,,,,
,Throne,Unequip,Summon Strength,,,Slot 4,,,,,,,,,
,,,Deal More Damage ,,,Slot 3,,,,,,,,,
,,Equip,Life in the Shadows over Peak Performance,,,Slot 2,,,,,,,,,
,,,Boost-Start,,,Slot 3,,,,,,,,,
,,,Full Power,,,Slot 4,,,,,,,,,
,Hikari,Unequip,The Show Goes On,,,Slot 4,,,,,,,,,
,,Equip,Peak Performance over Life in the Shadows,,,Slot 1,,,,,,,,,
,,,Deal More Damage,,,Slot 4,,,,,,,,,
,Agnea,Unequip,A Step Ahead,,,Slot 4,,,,,,,,,
,Castti,Equip,Grows on Trees over A Step Ahead,,,Slot 4,,,,,,,,,
,,,,,,,,,,,,,,,
,Overworld,,,,,,,,,,,,,,
,Board the ship.,,,,,,,,,,,,,,
,Go to the Lost Isle.,,,,,,,,,,,,,,
,Get the Proof of the Arcanist.,,,,,,,,,,,,,,
,Get the 2 Ancient Cursed Talismans on the right.,,,,,,,,,,,,,,
,Warp to Merry Hills.,,,,,,,,,,,,,,
,,,,,,,,,,,,,,,
,Agnea Ch. 5,,,,,,,,,,,,,,
,Hired Men,,,,,,,,,,,,,,
,Hikari,Divine Dual-Edge x2,,,,,,,,,,,,,
,,,,,,,,,,,,,,,
,Overworld,,,,,,,,,,,,,,
,"After alluring Gil, entreat the Magic Nut (M) from the lady in blue to the south.",,,,,,,,,,,,,,
,Get the Empowering Necklace from the chest at the upper right corner of the screen.,,,,,,,,,,,,,,
,Fight Dolcinaea at night.,,,,,,,,,,,,,,
,,,,,,,,,,,,,,,
,Dolcinaea,,,,,,,,,,,,,,
,Turn 1,,,,,,,,,,,,,,
,Hikari,Defend,,,,,,,,,,,,,
,Turn 2,,,,,,,,,,,,,,
,Hikari,Shinjumonjigiri x4,,,,,,,,,,,,,
,,,,,,,,,,,,,,,
,Dolcinaea the Star,,,,,,,,,,,,,,
,Turn 1,,,,,,,,,,,,,,
,Throne,Armour Corrosive,,,,,,,,,,,,,
,Hikari,Defend,,,,,,,,,,,,,
,Turn 2,,,,,,,,,,,,,,
,Hikari,Shinjumonjigiri x4,,,,,,,,,,,,,
,,,,,,,,,,,,,,,
,Overworld,,,,,,,,,,,,,,
,Warp to Wellgrove.,,,,,,,,,,,,,,
,,,,,,,,,,,,,,,
,Throne Ch. 3: Mother's Route,,,,,,,,,,,,,,
,Mother's Garden,,,,,,,,,,,,,,
,Fight Mother at night.,,,,,,,,,,,,,,
,,,,,,,,,,,,,,,
,Mother,,,,,,,,,,,,,,
,Turn 1,,,,,,,,,,,,,,
,Throne,Abating Orb,,,,Mother,,,,,,,,,
,Hikari,Defend,,,,,,,,,,,,,
,Turn 2,,,,,,,,,,,,,,
,Hikari,Shinjumonjigiri x4,,,,Mother,,,,,,,,,
,,,,,,,,,,,,,,,
,Warp to New Delsta.,,,,,,,,,,,,,,
,,,,,,,,,,,,,,,
,Menu,,,,,,,,,,,,,,
,Before Claude,,,,,,,,,,,,,,
,Support Skills,,,,,,,,,,,,,,
,Agnea,Equip,A Step Ahead,,,Slot 1,,,,,,,,,
,,,,,,,,,,,,,,,
,Throne Ch. 4,,,,,,,,,,,,,,
,Overworld,,,,,,,,,,,,,,
,Talk to Veronica before entering the sewers.,,,,,,,,,,,,,,
,Go to Lostseed.,,,,,,,,,,,,,,
,Steal the Forbidden Elixir from the girl guarding the house.,,,,,,,,,,,,,,
,Steal a Rotten Meat from the NPC up the stairs.,,,,,,,,,,,,,,
,Steal the Almighty Olive from the man before the next screen.,,,,,,,,,,,,,,
,Fight Claude at night.,,,,,,,,,,,,,,
,,,,,,,,,,,,,,,
,Claude,,,,,,,,,,,,,,
,Turn 1,,,,,,,,,,,,,,
,Throne,Latent Power + Armour Corrosive,,,,,,,,,,,,,
,,Abating Orb,,,,,,,,,,,,,
,Hikari,Defend,,,,,,,,,,,,,
,Agnea,Critical Scope,,,,,,,,,,,,,
,Turn 2,,,,,,,,,,,,,,
,Hikari,Shinjumonjigiri x4,,,,,,,,,,,,,
,,,,,,,,,,,,,,,
,Warp to Ku.,,,,,,,,,,,,,,
,,,,,,,,,,,,,,,
,"The Dancer & Warrior, Part 2",,,,,,,,,,,,,,
,Overworld,,,,,,,,,,,,,,
,Entreat the Magic Nut (M) and Dancer's Mask on the next screen.,,,,,,,,,,,,,,
,Warp to Sai.,,,,,,,,,,,,,,
,Go to the East District.,,,,,,,,,,,,,,
,Entreat the Elemental Augmentor from the man in the straw hat.,,,,,,,,,,,,,,
,"Bribe Platt's Wife in the house to the north (inquire also works, but she's slightly further away).",,,,,,,,,,,,,,
,Warp to Ku.,,,,,,,,,,,,,,
,Entreat the Sacred Wood.,,,,,,"Don't get the platinum hatchet (if you do, make sure to sell it)",,,,,,,,
,Entreat the Wine Offering.,,,,,,,,,,,,,,
,Talk to Benkei.,,,,,,,,,,,,,,
,Go to Tranquil Grotto.,,,,,,,,,,,,,,
,,,,,,,,,,,,,,,
,Yomi,,,,,,,,,,,,,,
,Hikari,Shinjumonjigiri x3,,,,,,,,,,,,,
,Notes,,,,,,,,,,,,,,
,Do not learn Forlorn Requiem.,,,,,,,,,,,,,,
,,,,,,,,,,,,,,,
,Overworld,,,,,,,,,,,,,,
,Entreat the Fortifying Nut (M) from the soldier in the house.,,,,,,,,,,,,,,
,Warp to Gravell.,,,,,,,,,,,,,,
,Entreat the Aegis Shield from the soldier near the entrance.,,,,,,,,,,,,,,
,Inquire the girl in the trio of children.,,,,,,,,,,,,,,
,Get the Magic Nut (M) you just inquired.,,,,,,,,,,,,,Partitio,Throne
,Talk to the tavern keeper.,,,,,,,,,,,,,Ochette,Hikari
,,,,,,,,,,,,,,Temenos,Agnea
,Tavern,,,,,,,,,,,,,Osvald,Castti
,Change Party,,,,,,,,,,,,,,
,Idle Party Members,,,,Current Party,,,,,,,,,Agnea,Throne
,Slot 4,Osvald,>,,Slot 4,Castti,,,,,,,,Ochette,Hikari
,Slot 1,Partitio,<,,Slot 3,Agnea,,,,,,,,Temenos,Partitio
,Hear a Tale,,,,,,,,,,,,,Castti,Osvald
,Osvald Chapter 5,,,,,,,,,,,,,,
,,,,,,,,,,,,,,,
,Osvald Ch. 5,,,,,,,,,,,,,,
,Menu,,,,,,,,,,,,,,
,Before the mugs,,,,,,,,,,,,,,
,Inventory,,,,,,,,,,,,,,
,Order Obtained,Aegis Shield,,,,Throne,,,,,,,,,
,,Fortifying Nut (M),,,,Hikari,,,,,,,,,
,Jobs,,,,,,,,,,,,,,
,Osvald,Merchant,2 Merchant skills,,,,^ 1,,,,,,,,
,,Warrior,5 Warrior skills,,,,^ 3,,,,,,,,
,,Armsmaster,,,,,^ 2,,,,,,,,
,Equipment,,,,,,,,,,,,,,
,Osvald,Optimize,,,,,"Equips guardian's iceblade, battle-tested staff, ancient circlet, and blessed vestments",,,,,,,,
,,Equip,Fang of Ferocity,,,,,,,,,,,,
,,,Elemental Augmentor,,,,,,,,,,,,
,Support Skills,,,,,,,,,,,,,,
,Osvald,Unequip,Evasive Manoeuvres,,,Slot 1,,,,,,,,,
,,Equip,Full Power over Grows on Trees,,,Slot 4,,,,,,,,,
,,,Deal More Damage,,,Slot 1,,,,,,,,,
,,,Peak Performance,,,Slot 2,,,,,,,,,
,Partitio,Unequip,A Step Ahead,,,Slot 2,,,,,,,,,
,,,,,,,,,,,,,,,
,Mugs,,,,,,,,,,,,,,
,#1,Latent Power + Icewind x3,,,,,,,,,,,,,
,#2,Latent Power + Icewind x3,,,,,,,,,,,,,
,#3,Latent Power + Fireball x3,,,,,,,,,,,,,
,#4,Latent Power + Fireball x2,,,,,,,,,,,,,
,#5,Latent Power + Icewind x3,,,,,,,,,,,,,
,,,,,,,,,,,,,,,
,Overworld,,,,,,,,,,,,,,
,Fight Harvey at night.,,,,,,,,,,,,,,
,,,,,,,,,,,,,,,
,Small Golems,,,,,,,,,,,,,,
,Hikari,Divine Dual-Edge x3,,,,,,,,,,,,,
,,,,,,,,,,,,,,,
,Professor Harvey,,,,,,,,,,,,,,
,Turn 1,,,,,,,,,,,,,,
,Throne,Latent Power + Armour Corrosive,,,,,,,,,,,,,
,,Abating Orb,,,,,,,,,,,,,
,Hikari,Defend,,,,,,,,,,,,,
,Turn 2,,,,,,,,,,,,,,
,Hikari,Shinjumonjigiri x4,,,,,,,,,,,,,
,,,,,,,,,,,,,,,
,Overworld,,,,,,,,,,,,,,
,Warp to New Delsta.,,,,,,,,,,,,,,
,,,,,,,,,,,,,,,
,"The Scholar & Merchant, Part 1",,,,,,,,,,,,,Agnea,Throne
,Overworld,,,,,,,,,,,,,Ochette,Hikari
,"Before buying the first part, talk to the tavern keeper.",,,,,,,,,,,,,Temenos,Partitio
,,,,,,,,,,,,,,Castti,Osvald
,Tavern,,,,,,,,,,,,,,
,Change Party,,,,,,,,,,,,,Agnea,Temenos
,Idle Party Members,,,,Current Party,,,,,,,,,Ochette,Hikari
,Slot 3,Temenos,>,,Slot 1,Throne,,,,,,,,Throne,Partitio
,,,,,,,,,,,,,,Castti,Osvald
,"After buying all 3 components, talk to Veronica to finish ""Veronica's Next Chapter"".",,,,,,,,,,,,,,
,"After finishing the chapter, warp to Montwise.",,,,,,,,,,,,,,
,,,,,,,,,,,,,,,
,"The Scholar & Merchant, Part 2",,,,,,,,,,,,,,
,Menu,,,,,,,,,,,,,,
,Before the Thugs,,,,,,,,,,,,,,
,Inventory,,,,,,,,,,,,,,
,Order Obtained,Bodyguard's Vantage,,,,Hikari,,,,,,,,,
,Jobs,,,,,,,,,,,,,,
,Temenos,Cleric,"5 Cleric skills, Aelfric's Blessing",,,,^ 1,,,,,,,,
,,Warrior,,,,,^ 1,,,,,,,,
,,,,,,,,,,,,,,,
,Overworld,,,,,,,,,,,,,,
,Fight the thugs in the day.,,,,,,,,,,,,,,
,,,,,,,,,,,,,,,
,Thugs,,,,,,,,,,,,,,
,#1,Divine Dual-Edge x2,,,,,,,,,,,,,
,#2,Divine Dual-Edge x2,,,,,,,,,,,,,
,,,,,,,,,,,,,,,
,Moneylender,,,,,,,,,,,,,,
,T1,Latent Power + Fireball x3,,,,,,,,,,,,,
,,,,,,,,,,,,,,,
,"After finishing the chapter, warp to Canalbrine.",,,,,,,,,,,,,,
,,,,,,,,,,,,,,,
,Temenos Ch. 2,,,,,,,,,,,,,Agnea,Temenos
,Overworld,,,,,,,,,,,,,Ochette,Hikari
,"Before going upstairs, talk to the tavern keeper.",,,,,,,,,,,,,Throne,Partitio
,,,,,,,,,,,,,,Castti,Osvald
,Tavern,,,,,,,,,,,,,,
,Change Party,,,,,,,,,,,,,Agnea,Temenos
,Idle Party Members,,,,Current Party,,,,,,,,,Ochette,Hikari
,Slot 3,Throne,>,,Slot 4,Osvald,,,,,,,,Osvald,Castti
,Slot 4,Castti,<,,Slot 3,Partitio,,,,,,,,Partitio,Throne
,,,,,,,,,,,,,,,
,???,,,,,,,,,,,,,,
,T1,Staff,,,,,,,,,,,,,
,T2,Aggressive Slash x4,,,,,,,,,,,,,
,,,,,,,,,,,,,,,
,Menu,,,,,,,,,,,,,,
,After the coerce,,,,,,,,,,,,,,
,Support Skills,,,,,,,,,,,,,,
,Temenos,Equip,Evil Ward over A Step Ahead,,,Slot 1,,,,,,,,,
,,,,,,,,,,,,,,,
,Overworld,,,,,,,,,,,,,,
,Steal the Magic Nut from the cleric on the right of the church.,,,,,,,,,,,,,,
,Fight Vados the Architect in the day.,,,,,,,,,,,,,,
,,,,,,,,,,,,,,,
,Vados the Architect,,,,,,,,,,,,,,
,Turn 1,,,,,,,,,,,,,,
,Hikari,Divine Dual-Edge x3,,,,,,,,,,,,,
,,,,,,,,,,,,,,,
,Warp to Crackridge.,,,,,,,,,,,,,,
,,,,,,,,,,,,,,,
,Temenos Ch. 3: Crackridge Route,,,,,,,,,,,,,,
,Overworld,,,,,,,,,,,,,,
,"After finishing the chapter, warp to Stormhail.",,,,,,,,,,,,,,
,,,,,,,,,,,,,,,
,Temenos Ch. 3: Stormhail Route,,,,,,,,,,,,,,
,Overworld,,,,,,,,,,,,,,
,Steal the Magic Nut from the knight on the right in the pair.,,,,,,,,,,,,,,
,Steal the Ogre's Bane and Thunderstorm Amulet from the merchant outside the headquarters.,,,,,,,,,,,,,,
,Fight Cubaryi at night.,,,,,,,,,,,,,,
,,,,,,,,,,,,,,,
,Deputy Cubaryi,,,,,,,,,,,,,,
,Turn 1,,,,,,,,,,,,,,
,Hikari,Shinjumonjigiri x3,,,,,,,,,,,,,
,,,,,,,,,,,,,,,
,Overworld,,,,,,,,,,,,,,
,Warp to Tropu'hopu.,,,,,,,,,,,,,,
,Go to Nameless Village.,,,,,,,,,,,,,,
,,,,,,,,,,,,,,,
,Temenos Ch. 4,,,,,,,,,,,,,,
,Overworld,,,,,,,,,,,,,,
,Guide Shirlutto.,,,,,,,,,,,,,,
,Fight Kaldena at night.,,,,,,,,,,,,,,
,,,,,,,,,,,,,,,
,Kaldena,,,,,,,,,,,,,,
,Turn 1,,,,,,,,,,,,,,
,Hikari,Defend,,,,,,,,,,,,,
,Throne,Abating Orb,,,,,,,,,,,,,
,Turn 2,,,,,,,,,,,,,,
,Hikari,Shinjumonjigiri x4,,,,,,,,,,,,Agnea,Temenos
,,,,,,,,,,,,,,Ochette,Hikari
,Overworld,,,,,,,,,,,,,Osvald,Castti
,Go to the tavern.,,,,,,,,,,,,,Partitio,Throne
,,,,,,,,,,,,,,,
,Tavern,,,,,,,,,,,,,Agnea,Temenos
,Change Party,,,,,,,,,,,,,Castti,Hikari
,Idle Party Members,,,,Current Party,,,,,,,,,Osvald,Ochette
,Slot 2,Ochette,>,,Slot 3,Castti,,,,,,,,Partitio,Throne
,Hear a Tale,,,,,,,,,,,,,,
,"The Cleric & Thief, Part 1",,,,,,,,,,,,,,
,,,,,,,,,,,,,,,
,"The Cleric & Thief, Part 1",,,,,,,,,,,,,,
,Forgetful Old Man,,,,,,,,,,,,,,
,T1,Defend,,,,,,,,,,,,,
,T2,Aggressive Slash x4,,,,,,,,,,,,,
,,,,,,,,,,,,,,,
,Overworld,,,,,,,,,,,,,,
,Steal the Imperial Armour and Swift Shield from Ort.,,,,,,,,,,,,,,
,Steal the Reinforcing Jam from the lady by the torch.,,,,,,,,,,,,,,
,"After finishing the chapter, warp to Conning Creek.",,,,,,,,,,,,,,
,,,,,,,,,,,,,,,
,"The Cleric & Thief, Part 2",,,,,,,,,,,,,,
,Overworld,,,,,,,,,,,,,,
,Steal the Folded Paper.,,,,,,,,,,,,,,
,Go to Cavern of the Moon and Sun.,,,,,,,,,,,,,,
,,,,,,,,,,,,,,,
,Menu,,,,,,,,,,,,,,
,After getting to Cavern of the Moon and Sun,,,,,,,,,,,,,,
,Equipment,,,,,,,,,,,,,,
,Throne,Unequip,Spurning Ribbon,,,Slot 2,,,,,,,,,
,Hikari,Equip,Imperial Armour,,,Body,,,,,,,,,
,,,,,,,,,,,,,,,
,Fight the encounter in the day.,,,,,,,,,,,,,,
,,,,,,,,,,,,,,,
,Vagrant Frogkings I,,,,,,,,,,,,,,
,Turn 1,,,,,,,,,,,,,,
,Hikari,Sword x2,,,,,,,,,,,,,
,Ochette,Defend / Capture,,,,,,,,,,,,,
,Anyone,Run,,,,,,,,,,,,,
,,,,,,,,,,,,,,,
,Menu,,,,,,,,,,,,,,
,After capturing the Vagrant Frogking I,,,,,,,,,,,,,,
,Equipment,,,,,,,,,,,,,,
,Throne,Equip,Spurning Ribbon,,,Slot 2,,,,,,,,,
,,,,,,,,,,,,,,,
,Overworld,,,,,,,,,,,,,,
,"After finishing the chapter, warp to Oresrush.",,,,,,,,,,,,,,
,Go to Southern Cropdale Trail.,,,,,,,,,,,,,,
,,,,,,,,,,,,,,,
,Journey for the Dawn,,,,,,,,,,,,,,
,Shadowy Monsters,,,,,,,,,,,,,Agnea,Temenos
,Hikari,Divine Dual-Edge x3,,,,,,,,,,,,Ochette,Hikari
,,,,,,,,,,,,,,Osvald,Castti
,Menu,,,,,,,,,,,,,Partitio,Throne
,After the fight,,,,,,,,,,,,,,
,Formation,,,,,,,Idle,Current,,,,,,
,Idle Party Members,,,,Current Party,,,Agnea,Temenos,,,,,,
,Slot 2,Castti,>,,Slot 3,Ochette,,Ochette,Hikari,,,,,,
,Jobs,,,,,,,Osvald,Castti,,,,,,
,Castti,Apothecary,"5 Apothecary skills, Dohter's Charity",,,,,Partitio,Throne,,,,,,
,,Arcanist,3 Arcanist skills,,,,v 2,,,,,,,,
,,Armsmaster,,,,,v,,,,,,,,
,Ochette,Merchant,3 Merchant skills,,,,^ 3,,,,,,,,
,,Dancer,Peacock Strut,,,,^ 1,,,,,,,,
,Partitio,Arcanist,3 Arcanist skills,,,,^ 4,,,,,,,,
,,Cleric,,,,,v 4,,,,,,,,
,Osvald,Arcanist,2 Arcanist skills,,,,v 3,,,,,,,,
,,,Seal of Immortality,,,,,,,,,,,,
,Support Skills,,,,,,,,,,,,,,
,Temenos,Equip,A Step Ahead,,,Slot 4,,,,,,,,,
,Partitio,Equip,Lasting Memory over Evil Ward,,,Slot 4,,,,,,,,,
,,,A Step Ahead,,,Slot 2,,,,,,,,,
,Osvald,Unequip,Peak Performance,,,Slot 2,,,,,,,,,
,,Equip,Hang Tough over Deal More Damage,,,Slot 1,,,,,,,,,
,,,Lasting Memory,,,Slot 2,,,,,,,,,
,Ochette,Equip,Boost-Start,,,Slot 2,,,,,,,,,
,Castti,Unequip,Extra Experience,,,Slot 3,,,,,,,,,
,,Equip,Lasting Memory over Grows on Trees,,,Slot 4,,,,,,,,,
,,,A Step Ahead,,,Slot 3,,,,,,,,,
,Hikari,Equip,Summon Strength over Boost-Start,,,Slot 3,,,,,,,,,
,,,,,,,,,,,,,,,
,Overworld,,,,,,,,,,,,,,
,Warp to Flamechurch.,,,,,,,,,,,,,,
,,,,,,,,,,,,,,,
,Arcanette,,,,,,,,,,,,,,
,Turn 1,,,,,,,,,,,,,,
,Temenos,Spear x3 (can do latent power with staff if you have it),,,,,<,,,,,,,,
,Hikari,Defend,,,,,,,,,,,,,
,Castti,Axe x2,,,,,,,,,,,,,
,Throne,Axe x3,,,,,>,,,,,,,,
,Turn 2,,,,,,,,,,,,,,
,Hikari,Shinjumonjigiri x3,,,,,,,,,,,,,
,,,,,,,,,,,,,,,
,Overworld,,,,,,,,,,,,,,
,Go to Flamechurch: Cathedral Entrance.,,,,,,,,,,,,,,
,,,,,,,,,,,,,,,
,Menu,,,,,,,,,,,,,,
,At the Flamechurch flame,,,,,,,,,,,,,,
,Inventory,,,,,,,,,,,,,,
,Items,"All Magic Nuts (2S, 4M) - will be 3M if you used all nuts b4 galdy",,,,Castti,,,,,,,,,
,Valuables,Shiny Mirror,,,,,,,,,,,,,
,,,,,,,,,,,,,,,
,"After lighting the flame, warp to Beasting Village.",,,,,,,,,,,,,,
,Go to Tombs of the Wardenbeasts.,,,,,,,,,,,,,,
,,,,,,,,,,,,,,,
,Grotesque Monster,,,,,,,,,,,,,,
,Turn 1,,,,,,,,,,,,,,
,Anyone,Energising Pomegranate (M),,,,Hikari,,,,,,,,,
,Hikari,Defend / Shinjumonjigiri x4,,,,,,,,,,,,,
,Anyone,Soulstone (L),,,,,,,,,,,,,
,Turn 2,,,,,,,,,,,,,,
,Hikari,Shinjumonjigiri x4 (if needed),,,,,,,,,,,,,
,,,,,,,,,,,,,,,
,Menu,,,,,,,,,,,,,,
,At the Toto'haha flame,,,,,,,,,,,,,,
,Formation,,,,,,,Idle,Current,,,,,,
,Idle Party Members,,,,Current Party,,,Agnea,Ochette,,,,,,
,Slot 2,Ochette,>,,Slot 1,Temenos,,Temenos,Hikari,,,,,,
,,,,,,,,Osvald,Castti,,,,,,
,Overworld,,,,,,,Partitio,Throne,,,,,,
,"After lighting the flame, warp to Ku.",,,,,,,,,,,,,,
,,,,,,,,,,,,,,,
,Menu,,,,,,,,,,,,,,
,Before going to the Armourer,,,,,,,,,,,,,,
,Formation,,,,,,,Idle,Current,,,,,,
,Idle Party Members,,,,Current Party,,,Castti,Partitio,,,,,,
,Slot 3,Osvald,>,,Slot 4,Throne,,Temenos,Hikari,,,,,,
,Slot 1,Agnea,<,,Slot 3,Castti,,Throne,Agnea,,,,,,
,Slot 4,Partitio,>,,Slot 1,Ochette,,Ochette,Osvald,,,,,,
,,,,,,,,,,,,,,,
,Go to the armourer. Make sure you swapped parties first (need the extra sell value).,,,,,,,,,,,,,,
,,,,,,,,,,,,,,,
,Armourer,,,,,,,,,,,,,,
,Buy,,,,,,,,,,,,,,
,3 Great Helm,,,,,,,,,,,,,,
,Sell,,,,,,,,,,,,,,
,Guardian's Iceblade,,,,,,,,,,,,,,
,Ogre's Bane,,,,,,,,,,,,,,
,Eclipse Edge,,,,,,,,,,,,,,
,Marietta,,,,,,,,,,,,,,
,Breaker's Blade,,,,,,,,,,,,,,
,Black Bow,,,,,,,,,,,,,,
,Notes,,,,,,,,,,,,,,
,Need to have at least 297k after selling.,,,,,,,,,,,,,,
,Equipment,,,,,,,,,,,,,,
,Osvald,Unequip all,,,,,,,,,,,,,
,Castti,Optimise,,,,,"equips tornado glaive, wind whisperer, tornado bow, battle-tested staff, swift shield, great helm, and royal guard's mail",,,,,,,,
,,Equip,Fang of Ferocity,,,Slot 2,,,,,,,,,
,,,Alpione's Amulet,,,Slot 1,,,,,,,,,
,,,Blessed Vestments,,,Body,,,,,,,,,
,,,Ancient Circlet,,,Head,,,,,,,,,
,,Unequip,Swift Shield,,,Shield,,,,,,,,,
,Temenos,Equip,Fortune Wand,,,Staff,,,,,,,,,
,Throne,Lock,Aegis Shield,,,Shield,,,,,,,,,
,,Equip,Coat of Arms over Spurning Ribbon,,,Slot 2,,,,,,,,,
,,Optimise,,,,,equips great helm and royal guard's mail,,,,,,,,
,Ochette,Equip,EXP Augmentor,,,Slot 2,,,,,,,,,
,,,Sprightly Ring,,,Slot 1,,,,,,,,,
,Partitio,Optimise (with hotkey),,,,,"equips swift shield, great helm, and royal guard's mail",,,,,,,,
,,Equip,Quick Cloak,,,,,,,,,,,,
,,Equip,2 Empowering Bracelets,,,,,,,,,,,,
,Agnea,Equip,Spurning Ribbon,,,Slot 2,,,,,,,,,
,Osvald,Optimise,,,,,"equips swift shield, great helm, and royal guard's mail",,,,,,,,
,,Equip,2 Empowering Bracelets,,,,,,,,,,,,
,,,,,,,,,,,,,,,
,Overworld,,,,,,,,,,,,,,
,Go to Tranquil Grotto.,,,,,,,,,,,,,,
,"After lighting the flame, warp to Crackridge.",,,,,,,,,,,,,,
,Go to Fellsun Ruins.,,,,,,,,,,,,,,
,"After lighting the flame, warp to New Delsta Harbour.",,,,,,,,,,,,,,
,Go to Vidania.,,,,,,,,,,,,,,
,,,,,,,,,,,,,,,
,Menu,,,,,,,,,,,,,,
,Before Vide,,,,,,,,,,,,,,
,Formation,,,,,,,Idle,Current,,,,,,
,Idle Party Members,,,,Current Party,,,Castti,Throne,,,,,,
,Slot 3,Throne,>,,Slot 1,Partitio,,Agnea,Hikari,,,,,,
,Slot 2,Temenos,<,,Slot 3,Agnea,,Partitio,Temenos,,,,,,
,,,,,,,,Ochette,Osvald,,,,,,
,Vide,,,,,,,,,,,,,,
,Turn 1,,,,,,,,,,,,,,
,Throne,Abating Orb,,,,Vide,,,,,,,,,
,Hikari,Latent Power + Hienka x2,,,,Vide,,,,,,,,,
,Temenos,Energising Pomegranate (L),,,,Hikari,,,,,,,,,
,Turn 1 End,,,,,,,,,,,,,,
,Hikari,Shinjumonjigiri x4,,,,Vide,,,,,,,,,
,,,,,,,,,,,,,,,
,"Vide, the Wicked",,,,,,,,,,,,,,
,Turn 1,,,,,,,,,,,,,,
,Castti,Defend,,,,,,,,,,,,,
,Partitio,Forbidden Elixir,,,,Castti,,,,,,,,,
,Agnea,Latent Power + Springy Boots,,,,,,,,,,,,,
,Ochette,Peacock Strut,,,,Castti,,,,,,,,,
,Turn 2,,,,,,,,,,,,,,
,Castti,Switch to Staff,,,,,,,,,,,,,
,,Latent Power + Concoct x4,,,,,,,,,,,,,
,,Blusterbloom x3,,,,,,,,,,,,,
,,Strengthening Serum,,,,,,,,,,,,,
,,Diffusing Serum,,,,,,,,,,,,,
,Partitio,Bow x3,,,,,,,,,,,,,
,Agnea,Dagger x3,,,,,,,,,,,,,
,Ochette,Bow x4,,,,,,,,,,,,,
,Turn 3,,,,,,,,,,,,,,
,Partitio,HHT x2,,,,,,,,,,,,,
,Ochette,Latent Power - Beastly Howl,,,,,,,,,,,,,
,Castti,Concoct x3,,,,,,,,,,,,,
,,Blusterbloom x3,,,,,,,,,,,,,
,,Strengthening Serum,,,,,,,,,,,,,
,,,,,,,,,,,,,,,
,Menu,,,,,,,,,,,,,,
,After reaching Canalbrine,,,,,,,Idle,Current,,,,,,
,Formation,,,,,,,Hikari,Throne,,,,,,
,Idle Party Members,,,,Current Party,,,Agnea,Castti,,,,,,
,Slot 1,Castti,>,,Slot 2,Hikari,,Osvald,Temenos,,,,,,
,Slot 3,Partitio,<,,Slot 4,Osvald,,Ochette,Partitio,,,,,,
,Jobs,,,,,,,,,,,,,,
,Throne,Merchant,,,,,^ 3,,,,,,,,
,Temenos,Inventor,,,,,^ 1,,,,,,,,
,,,,,,,,,,,,,,,
,Overworld,,,,,,,,,,,,,,
,Hire the Cleric in the church.,,,,,,,,,,,,,,
,Warp to Conning Creek.,,,,,,,,,,,,,,
,Save the game.,,,,,,,,,,,,,,
,Exit and load the same file under Extra Battles.,,,,,,,,,,,,,,
,,,,,,,,,,,,,,,
,Majestic Mysterious Travellers,,,,,,,,,,,,,,
,Turn 1,,,,,,,,,,,,,,
,Throne,Latent Power + Reinforcing Jam,,,,Self,,,,,,,,,
,,HHB x4,,,,,,,,,,,,,
,Castti,Energising Pomegranate (L),,,,Self,,,,,,,,,
,Temenos,Springy Boots,,,,Throne,,,,,,,,,
,Partitio,Latent Power + Aelfric's Blessing,,,,Castti,,,,,,,,,
,Turn 1 - Aelfric's,,,,,,,,,,,,,,
,Castti,Dohter's Charity,,,,Throne,,,,,,,,,
,Turn 2,,,,,,,,,,,,,,
,Throne,Latent Power + Forbidden Elixir,,,,,,,,,,,,,
,,HHB x4,,,,,,,,,,,,,
,Castti,Switch to Staff,,,,,,,,,,,,,
,,Latent Power + Concoct x3,,,,,,,,,,,,,
,,Forget-Me-Do (if before Temenos),,,,,,,,,,,,,
,,Blusterbloom x1 (x2 if after Temenos),,,,,,,,,,,,,
,,Strengthening Serum,,,,,,,,,,,,,
,,Diffusing Serum,,,,,,,,,,,,,
,Temenos,Ancient Cursed Talisman,,,,,,,,,,,,,
,Partitio,Aelfric's Blessing,,,,Throne,,,,,,,,,
,Turn 2 - Aelfric's,,,,,,,,,,,,,,
,Castti,Concoct x4,,,,,,,,,,,,,
,,Blusterbloom x3,,,,,,,,,,,,,
,,Strengthening Serum,,,,,,,,,,,,,
,,Diffusing Serum,,,,,,,,,,,,,
,Throne,Latent Power,,,,,,,,,,,,,
,,2 Decaying Dragon's Essence,,,,,,,,,,,,,
,Turn 3,,,,,,,,,,,,,,
,Throne,Latent Power + Reinforcing Jam,,,,,,,,,,,,,
,,Ancient Cursed Talisman,,,,,,,,,,,,,
,Castti,Latent Power + Concoct x4,,,,,,,,,,,,,
,,Blusterbloom x3,,,,,,,,,,,,,
,,Strengthening Serum,,,,,,,,,,,,,
,,Diffusing Serum,,,,,,,,,,,,,
,Turn 3 - Aelfric's,,,,,,,,,,,,,,
,Castti,Concoct x3,,,,,,,,,,,,,
,,Blusterbloom x2,,,,,,,,,,,,,
,,Strengthening Serum,,,,,,,,,,,,,
,,Diffusing Serum,,,,,,,,,,,,,
,,,,,,,,,,,,,,,
,Masterly Mysterious Travellers,,,,,,,,,,,,,,
,Turn 1,,,,,,,,,,,,,,
,Throne,Latent Power + Reinforcing Jam,,,,Self,,,,,,,,,
,,HHB x4,,,,,,,,,,,,,
,Castti,Energising Pomegranate (L),,,,Self,,,,,,,,,
,Temenos,Springy Boots,,,,Throne,,,,,,,,,
,Partitio,Latent Power + Aelfric's Blessing,,,,Castti,,,,,,,,,
,Turn 1 - Aelfric's,,,,,,"H'aanit can get a patience turn here, but as long as she doesn't kill Throne/Partitio/Castti (or hit throne with leghold) it's fine.",,,,,,,,
,Castti,Dohter's Charity,,,,Throne,,,,,,,,,
,Turn 2,,,,,,,,,,,,,,
,Throne,Latent Power + Forbidden Elixir,,,,,,,,,,,,,
,,HHB x4,,,,,,,,,,,,,
,Castti,Switch to Staff,,,,,,,,,,,,,
,,Latent Power + Concoct x4,,,,,,,,,,,,,
,,Blusterbloom x3,,,,,,,,,,,,,
,,Strengthening Serum,,,,,,,,,,,,,
,,Diffusing Serum,,,,,,,,,,,,,
,Partitio,Aelfric's Blessing,,,,Throne,,,,,,,,,
,Turn 2 - Aelfric's,,,,,,,,,,,,,,
,Castti,Concoct x2,,,,,,,,,,,,,
,,Blusterbloom,,,,,,,,,,,,,
,,Strengthening Serum,,,,,,,,,,,,,
,,Diffusing Serum,,,,,,,,,,,,,
,Throne,Latent Power,,,,,,,,,,,,,
,,2 Decaying Dragon's Essence,,,,,,,,,,,,,
,Turn 3,,,,,,,,,,,,,,
,Throne,Reinforcing Jam,,,,,,,,,,,,,
,Castti,Latent Power + Concoct x2,,,,,,,,,,,,,
,,Blusterbloom,,,,,,,,,,,,,
,,Strengthening Serum,,,,,,,,,,,,,
,,Diffusing Serum,,,,,,,,,,,,,
,Anyone,Ancient Cursed Talisman,,,,,,,,,,,,,
,Turn 3 - Aelfric's,,,,,,,,,,,,,,
,Castti,Concoct x4,,,,,,,,,,,,,
,,Blusterbloom x3,,,,,,,,,,,,,
,,Strengthening Serum,,,,,,,,,,,,,
,,Diffusing Serum,,,,,,,,,,,,,
,,,,,,,,,,,,,,,
,Menu,,,,,,,,,,,,,,
,Before True Vide,,,,,,,,,,,,,,
,Formation,,,,,,,Idle,Current,,,,,,
,Idle Party Members,,,,Current Party,,,Temenos,Throne,,,,,,
,Slot 4,Ochette,>,,Slot 2,Castti,,Agnea,Ochette,,,,,,
,Slot 1,Hikari,<,,Slot 3,Temenos,,Osvald,Hikari,,,,,,
,Inventory,,,,,,,Castti,Partitio,,,,,,
,Items,Nourishing Nut (M),,,,Partitio,,,,,,,,,
,,Reinforcing Jam,,,,Ochette,,,,,,,,,
,Jobs,,,,,,,,,,,,,,
,Throne,Cleric,All Cleric skills,,,,^ 2,,,,,,,,
,Partitio,Merchant,1 Merchant skill,,,,,,,,,,,,
,,Dancer,,,,,^ 1,,,,,,,,
,Agnea,Merchant,Hired Help,,,,v 1,,,,,,,,
,,,,,,,,,,,,,,,
,True Vide (Phase 1),,,,,,,,,,,,,,
,Turn 1,,,,,,,,,,,,,,
,Throne,Energising Pomegranate (L),,,,Hikari,,,,,,,,,
,Ochette,Latent Power - Beastly Howl,,,,,,,,,,,,,
,Hikari,Divine Dual-Edge x4 (if last),,,,,,,,,,,,,
,,"Otherwise, Latent Power - Hienka",,,,Vide,,,,,,,,,
,Partitio,Latent Power + HHB x4,,,,,,,,,,,,,
,Turn 1 - Aelfric's,,,,,,,,,,,,,,
,Hikari,Divine Dual-Edge x4,,,,,,,,,,,,,
,Turn 2,,,,,,,,,,,,,,
,Throne,Latent Power + Energising Pomegranate (L),,,,Self,,,,,,,,,
,,Aelfric's Blessing,,,,Partitio,,,,,,,,,
,Ochette,Revitalising Jam,,,,Hikari,,,,,,,,,
,Hikari,Latent Power - Hienka,,,,Vide,cursor should still be on vide,,,,,,,,
,Partitio,Summon,,,,,,,,,,,,,
,Turn 2 - Aelfric's,,,,,,,,,,,,,,
,Partitio,Summon,,,,,,,,,,,,,
,Hikari,Divine Dual-Edge x3,,,,,,,,,,,,,
,Turn 3,,,,,,,,,,,,,,
,Throne,Armour Corrosive,,,,,,,,,,,,,
,Ochette,Provoke Beasts x2,,,,,,,,,,,,,
,,Vagrant Frogking I x4,,,,,,,,,,,,,
,Hikari,Shinjumonjigiri x4,,,,,,,,,,,,,
,Partitio,Lion Dance,,,,Hikari,,,,,,,,,
,Turn 3 - Aelfric's,,,,,,,,,,,,,,
,Partitio,Reinforcing Jam,,,,Hikari,,,,,,,,,
,Turn 4,,,,,,,,,,,,,,
,Hikari,Latent Power - Hienka x4,,,,,,,,,,,,,
,Turn 4 - Aelfric's,,,,,,,,,,,,,,
,Partitio,Energising Pomegranate,,,,Hikari,,,,,,,,,
,Hikari,Shinjumonjigiri x4,,,,,,,,,,,,,
,,,,,,,,,,,,,,,
,True Vide (Phase 2),,,,,,,,,,,,,,
,Turn 1,,,,,,,,,,,,,,
,Temenos,Aelfric's Blessing,,,,Castti,,,,,,,,,
,Osvald,One True Magic,,,,,,,,,,,,,
,Agnea,HHB x4,,,,,,,,,,,,,
,Castti,Concoct x3,,,,,,,,,,,,,
,,Whimsical Leaf,,,,,,,,,,,,,
,,Warding Leaf,,,,,,,,,,,,,
,,Strengthening Serum,,,,,,,,,,,,,
,,Diffusing Serum,,,,,,,,,,,,,
,Turn 1 - Aelfric's,,,,,,,,,,,,,,
,Castti,Decaying Dragon's Essence,,,,Bottom right,^,,,,,,,,
,Turn 2,,,,,,,,,,,,,,
,Temenos,Sacred Shield x3,,,,Osvald,,,,,,,,,
,Osvald,Seal of Immortality,,,,,,,,,,,,,
,Agnea,"Refreshing Jam (if Osvald is at 1 HP, else Peacock Strut x2 Castti)",,,,Osvald,,,,,,,,,
,Castti,Forbidden Elixir,,,,Self,,,,,,,,,
,Turn 2 - Aelfric's,,,,,,,,,,,,,,
,Castti,Switch to Staff,,,,,,,,,,,,,
,,Concoct x4 (x3 if peacock),,,,,,,,,,,,,
,,Blusterbloom x3 (can do x2 if peacock),,,,,,,,,,,,,
,,Strengthening Serum,,,,,,,,,,,,,
,,Diffusing Serum,,,,,,,,,,,,,
,Turn 3,,,,,,,,,,,,,,
,Osvald,Almighty Olive,,,,,,,,,,,,,
,Turn 3 - Aelfric's,,,,,,,,,,,,,,
,Castti,Forbidden Elixir,,,,Self,,,,,,,,,
,Turn 4,,,,,,,,,,,,,,
,Agnea,Peacock Strut (if not done already),,,,Castti,,,,,,,,,
,Anyone,Ancient Cursed Talisman,,,,,,,,,,,,,
,Castti,Concoct x2,,,,,,,,,,,,,
,,Blusterbloom x2,,,,,,,,,,,,,
,,Strengthening Serum,,,,,,,,,,,,,
,Anyone,Defend,,,,,,,,,,,,,
,Turn 4 - Aelfric's,,,,,,,,,,,,,,
,Castti,Concoct x4,,,,,,,,,,,,,
,,Blusterbloom x4,,,,,,,,,,,,,
,,Strengthening Serum,,,,,,,,,,,,,
,Turn 5,,,,,,,,,,,,,,
,Anyone,Energising Pomegranate (M),,,,Castti,,,,,,,,,
,Castti,Concoct x4,,,,,,,,,,,,,
,,Blusterbloom x4,,,,,,,,,,,,,
,,Strengthening Serum,,,,,,,,,,,,,
,,,,,,,,,,,,,,,
,Menu,,,,,,,,,,,,,,
,"Before True Vide, the Wicked",,,,,,,,,,,,,,
,Formation,,,,,,,Idle,Current,,,,,,
,Idle Party Members,,,,Current Party,,,Hikari,Throne,,,,,,
,Slot 2,Agnea,>,,Slot 4,Partitio,,Partitio,Ochette,,,,,,
,Slot 1,Temenos,>,,Slot 3,Hikari,,Osvald,Temenos,,,,,,
,Equipment,,,,,,,Castti,Agnea,,,,,,
,Throne,Equip,Thunderstorm Amulet over Brooch of Joy,,,Slot 1,,,,,,,,,
,Ochette,Unequip,Sprightly Ring,,,Slot 1,,,,,,,,,
,Temenos,Equip,Thunderstorm Amulet,,,Slot 1,,,,,,,,,
,,,Unerring Bracelet,,,Slot 2,,,,,,,,,
,Agnea,Equip,2 Lightning Amulets,,,,,,,,,,,,
,Jobs,,,,,,,,,,,,,,
,Throne,Merchant,,,,,^ 1,,,,,,,,
,Osvald,Dancer,Stimulate,,,,v 5,,,,,,,,
,Hikari,Arcanist,,,,,v 3,,,,,,,,
,Agnea,Inventor,,,,,^ 3,,,,,,,,
,Temenos,Scholar,Elemental Barrage,,,,v 3,,,,,,,,
,Support Skills,,,,,,,,,,,,,,
,Partitio,Equip,Hang Tough over The Show Goes On,,,Slot 1,,,,,,,,,
,Hikari,Equip,Boost-Start over A Step Ahead,,,Slot 2,,,,,,,,,
,,,,,,,,,,,,,,,
,"True Vide, the Wicked",,,,,,,,,,,,,,
,Turn 1,,,,,,,,,,,,,,
,Throne,Latent Power + HHA x3,,,,,,,,,,,,,
,,Forbidden Elixir,,,,Castti,,,,,,,,,
,Ochette,Peacock Strut x3,,,,Castti,,,,,,,,,
,Temenos,Rotten Meat,,,,Hikari,,,,,,,,,
,Agnea,Windy Refrain,,,,,,,,,,,,,
,Turn 2,,,,,,,,,,,,,,
,Switch Party,,,,,,,,,,,,,,
,Hikari,Shinjumonjigiri x4,,,,Top,,,,,,,,,
,Partitio,Defend,,,,,,,,,,,,,
,Castti,Switch to Staff,,,,,,,,,,,,,
,,Latent Power + Concoct x4,,,,Bottom,,,,,,,,,
,,Blusterbloom x4,,,,,,,,,,,,,
,,Strengthening Serum,,,,,,,,,,,,,
,Osvald after both Castti and Hikari,,,,,,Otherwise,,,,,,,,
,Osvald,Decaying Dragon's Essence,,,,,Lion Dance,,,,,Self,,,
,Turn 3,,,,,,,,,,,,,,
,Partitio,HHA x4,,,,,Can use the decaying dragon's essence with osvald (if not done already) if partitio is already moving first on turn 4,,,,,,,,
,Osvald,Stimulate x3,,,,Partitio,,,,,,,,,
,Turn 4,,,,,,,,,,,,,,
,Partitio,Latent Power + HHA x4,,,,,Can use the decaying dragon's essence with osvald (if not done already) if partitio is already moving before the boss on turn 5,,,,,,,,
,Osvald,Stimulate x3,,,,Partitio,,,,,,,,,
,Osvald has used Decaying Dragon's Essence (3 shields left),,,,,,Osvald has not used Decaying Dragon's Essence (7 shields left),,,,,,,,
,Turn 5,,,,,,Turn 5,,,,,,,,
,Partitio,HHB x3,,,,,Partitio,HHA x3,,,,,,,
,Osvald,Ancient Cursed Talisman,,,,,Osvald,Defend,,,,,,,
,,,,,,,Turn 5.5,,,,,,,,
,,,,,,,Partitio,Ancient Cursed Talisman,,,,,,,
,,,,,,,Osvald,Decaying Dragon's Essence,,,,,,,
,Turn 6,,,,,,,,,,,,,,
,Hikari,Latent Power - Hienka x2 (x3 if after Partitio)                        ,,,,,,,,,,,,,
,Partitio,Revitalising Jam,,,,Hikari,,,,,,,,,
,Osvald,Refreshing Jam,,,,Throne,,,,,,,,,
,Castti,Concoct x4,,,,,,,,,,,,,
,,Blusterbloom x4,,,,,,,,,,,,,
,,Strengthening Serum,,,,,,,,,,,,,
,Turn 6 - Aelfric's,,,,,,,,,,,,,,
,Hikari,Shinjumonjigiri x4,,,,,,,,,,,,,
,Turn 7,,,,,,,,,,,,,,
,Switch Party,,,,,,,,,,,,,,
,Throne,Latent Power + Spear x4,,,,Bottom,,,,,,,,,
,,Energising Pomegranate (L),,,,Castti,,,,,,,,,
,Ochette,Latent Power - Beastly Howl,,,,,,,,,,,,,
,Temenos,Staff x4,,,,Bottom,,,,,,,,,
,Agnea,Latent Power + Springy Boots x3,,,,,,,,,,,,,
,Turn 8,,,,,,,,,,,,,,
,Switch Party,,,,,,,,,,,,,,
,Dancer,Stimulate x2 (if Castti is last),,,,Castti,,,,,,,,,
,Castti,Concoct x4,,,,,,,,,,,,,
,,Blusterbloom x3,,,,,,,,,,,,,
,,Strengthening Serum,,,,,,,,,,,,,
,,Diffusing Serum,,,,,,,,,,,,,
,Anyone,Energising Pomegranate (L),,,,Throne,,,,,,,,,
,Anyone,Decaying Dragon's Essence (after Castti),,,,,,,,,,,,,
,Turn 9,,,,,,,,,,,,,,
,Throne,Latent Power + Spear x4,,,,,,,,,,,,,
,,Ancient Cursed Talisman,,,,,,,,,,,,,
,Temenos,Revive,,,,,,,,,,,,,
,Agnea,Energising Pomegranate (M),,,,Castti,,,,,,,,,
,Ochette,Provoke Beasts x4,,,,,,,,,,,,,
,,Vagrant Frogking I x6,,,,,,,,,,,,,
,Turn 10,,,,,,,,,,,,,,
,Switch Party,,,,,,,,,,,,,,
,Dancer,Stimulate x2 (if Castti is last),,,,Castti,,,,,,,,,
,Castti,Concoct x4,,,,,,,,,,,,,
,,Blusterbloom x4,,,,,,,,,,,,,
,,Strengthening Serum,,,,,,,,,,,,,
,Last Person,Switch Party,,,,,,,,,,,,,
,Ochette,Latent Power - Beastly Howl x3,,,,,,,,,,,,,
,Turn 11,,,,,,,,,,,,,,
,Throne,Almighty Olive,,,,,,,,,,,,,
,Temenos,Latent Power + Elemental Barrage x4,,,,,,,,,,,,,
,Agnea,Windy Refrain,,,,,,,,,,,,,
,Turn 12,,,,,,,,,,,,,,
,Throne,Latent Power + Sword x4,,,,,,,,,,,,,
,,Reinforcing Jam,,,,Temenos,,,,,,,,,
,Temenos,Latent Power + Elemental Barrage x4,,,,,,,,,,,,,
,Agnea,Elemental Bomb Bottle x4,,,,,,,,,,,,,
,Ochette,Peacock Strut x2,,,,Castti,,,,,,,,,
,Turn 13,,,,,,,,,,,,,,
,Switch Party,,,,,,,,,,,,,,
,Partitio,Latent Power + Stimulate x4,,,,Hikari,,,,,,,,,
,Hikari,Aggressive Slash x3,,,,,,,,,,,,,
,Osvald,Forbidden Elixir,,,,Castti,,,,,,,,,
,Castti,Latent Power + Concoct x4,,,,,,,,,,,,,
,,Blusterbloom x4,,,,,,,,,,,,,
,,Strengthening Serum,,,,,,,,,,,,,
,Turn 14,,,,,,,,,,,,,,
,Osvald,Revitalising Jam,,,,Hikari,,,,,,,,,
,Castti,Concoct x3,,,,,,,,,,,,,
,,Blusterbloom x3,,,,,,,,,,,,,
,,Strengthening Serum,,,,,,,,,,,,,
,Hikari,Latent Power - Hienka x3,,,,,,,,,,,,,
,Turn 14 - Aelfric's,,,,,,,,,,,,,,
,Hikari,Shinjumonjigiri x4,,,,,,,,,,,,,
,,,,,,,,,,,,,,,
,GGs!,,,,,,,,,,,,,,
,,,,,,,,,,,,,,,
,Changelog,,,,,,,,,,,,,,
,02/20/2025,Initial version.,,,,,,,,,,,,,
,05/08/2025,"Slightly changed galdera fight to avoid agnea + osvald speed investment. Because of this, sprightly bracelet can be replaced with a sprightly ring (also don't need to worry about cait XP potentially screwing up speeds)",,,,,,,,,,,,,
,05/21/2025,"Reworked midgame chapter order to move veronica to before galdera in place of mother, which saves time on encounters. This also allows wind whisperer to be picked up in place of mooneater and allows skipping the sunken gold statue. ",,,,,,,,,,,,,
,08/13/2025,Minor revision to delay finisher's claws until after Rai Mei. This allows for a faster Gigantes fight and saves 15k (can cut Castle Mei chest),,,,,,,,,,,,,
,,"Reworked job setups for hikari chapters - temenos inventor with the sharp nut from stormhail (similar speed to nameless anyways) can always hit enshrouded with attacks (so no need for HHM), also can now buy blusterblooms in ryu as the girl with the sharp nut also has a warding leaf. Only downside is not having critical scope on castti, but sticky flower (on lajackal) or take aim (on everything else) can replace it.",,,,,,,,,,,,,
,09/17/2025,Removed the shaggy aurochs capture (for mountain sausage). This is possible via using mighty leaf on enshrouded king and rotten meat on true vide the wicked. This cuts out a warp and preparation menu.,,,,,,,,,,,,,
,,"Reworked the job setups for the hikari chapters again, since I forgot that throne learning full power kicks castti off of merchant, screwing up the tyrannodrake fight. Throne is now merchant, temenos is hunter (still with sharp nut to hit EK), and castti is inventor.",,,,,,,,,,,,,
,12/03/2025,"Removed the extra trip to Timberain for early royal guard's helm, as with a new strat on shadow hikari you don't need any crits. Temenos now is back to inventor for hikari chapters, as take aim is no longer sufficient for crits on enshrouded king.",,,,,,,,,,,,,
,,Re-ordered the Sand Lion -> Thurston -> Hikari 3 segment to be Thurston -> Hikari 3 -> Sand Lion in order to have higher level for Sand Lion.,,,,,,,,,,,,,
,06/30/2026,Reworked lategame defensive gear. Empowering necklace has been replaced by coat of arms + aegis shield + tough nut L (thanks to redistributing nuts).,,,,,,,,,,,,,
,7/4/26,"Reworked omniscient eye fight. By doing 8 hits of concoct, can get to final phase which avoids the need to deal with souls.",,,,,,,,,,,,,